scenario,t,motion,anim_frame,x,y,facing,top_x,top_y,bottom_x,bottom_y,right_x,right_y,left_x,left_y,snap_x,snap_y,snap_h,ledge
fall,0,29,1.000,-150.0000,79.7700,-1,0.0000,11.1478,0.0000,0.0000,2.0251,7.5048,-2.0251,7.5048,11.0000,13.0000,9.0000,0
fall,1,29,2.000,-150.0000,79.3100,-1,0.0000,11.1459,0.0000,0.0000,2.0203,7.5097,-2.0203,7.5097,11.0000,13.0000,9.0000,0
fall,2,29,3.000,-150.0000,78.6200,-1,0.0000,11.1447,0.0000,0.0000,2.0186,7.5178,-2.0186,7.5178,11.0000,13.0000,9.0000,0
fall,3,29,4.000,-150.0000,77.7000,-1,0.0000,11.1443,0.0000,0.0000,2.0192,7.5250,-2.0192,7.5250,11.0000,13.0000,9.0000,0
fall,4,29,5.000,-150.0000,76.5500,-1,0.0000,11.1447,0.0000,0.0000,2.0216,7.5250,-2.0216,7.5250,11.0000,13.0000,9.0000,0
fall,5,29,6.000,-150.0000,75.1700,-1,0.0000,11.1459,0.0000,0.0000,2.0249,7.5143,-2.0249,7.5143,11.0000,13.0000,9.0000,0
fall,6,29,7.000,-150.0000,73.5600,-1,0.0000,11.1478,0.0000,0.0000,2.0290,7.5053,-2.0290,7.5053,11.0000,13.0000,9.0000,0
fall,7,29,0.000,-150.0000,71.7200,-1,0.0000,11.1504,0.0000,0.0000,2.0333,7.5039,-2.0333,7.5039,11.0000,13.0000,9.0000,0
fall,8,29,1.000,-150.0000,69.6500,-1,0.0000,11.1478,0.0000,0.0000,2.0251,7.5048,-2.0251,7.5048,11.0000,13.0000,9.0000,0
fall,9,29,2.000,-150.0000,67.3500,-1,0.0000,11.1459,0.0000,3.8735,2.0203,7.5097,-2.0203,7.5097,11.0000,13.0000,9.0000,0
fall,10,29,3.000,-150.0000,64.8200,-1,0.0000,11.1447,0.0000,3.8910,2.0186,7.5178,-2.0186,7.5178,11.0000,13.0000,9.0000,0
fall,11,29,4.000,-150.0000,62.0600,-1,0.0000,11.1443,0.0000,3.9058,2.0192,7.5250,-2.0192,7.5250,11.0000,13.0000,9.0000,0
fall,12,29,5.000,-150.0000,59.2600,-1,0.0000,11.1447,0.0000,3.9054,2.0216,7.5250,-2.0216,7.5250,11.0000,13.0000,9.0000,0
fall,13,29,6.000,-150.0000,56.4600,-1,0.0000,11.1458,0.0000,3.8828,2.0249,7.5143,-2.0249,7.5143,11.0000,13.0000,9.0000,0
fall,14,29,7.000,-150.0000,53.6600,-1,0.0000,11.1478,0.0000,3.8628,2.0290,7.5053,-2.0290,7.5053,11.0000,13.0000,9.0000,0
fall,15,29,0.000,-150.0000,50.8600,-1,0.0000,11.1504,0.0000,3.8574,2.0333,7.5039,-2.0333,7.5039,11.0000,13.0000,9.0000,0
fall,16,29,1.000,-150.0000,48.0600,-1,0.0000,11.1478,0.0000,3.8618,2.0251,7.5048,-2.0251,7.5048,11.0000,13.0000,9.0000,0
fall,17,29,2.000,-150.0000,45.2600,-1,0.0000,11.1459,0.0000,3.8735,2.0203,7.5097,-2.0203,7.5097,11.0000,13.0000,9.0000,0
fall,18,29,3.000,-150.0000,42.4600,-1,0.0000,11.1447,0.0000,3.8910,2.0186,7.5178,-2.0186,7.5178,11.0000,13.0000,9.0000,0
fall,19,29,4.000,-150.0000,39.6600,-1,0.0000,11.1443,0.0000,3.9058,2.0192,7.5250,-2.0192,7.5250,11.0000,13.0000,9.0000,0
fall,20,29,5.000,-150.0000,36.8600,-1,0.0000,11.1447,0.0000,3.9054,2.0216,7.5250,-2.0216,7.5250,11.0000,13.0000,9.0000,0
fall,21,29,6.000,-150.0000,34.0600,-1,0.0000,11.1459,0.0000,3.8828,2.0249,7.5143,-2.0249,7.5143,11.0000,13.0000,9.0000,0
fall,22,29,7.000,-150.0000,31.2600,-1,0.0000,11.1478,0.0000,3.8628,2.0290,7.5053,-2.0290,7.5053,11.0000,13.0000,9.0000,0
fall,23,29,0.000,-150.0000,28.4600,-1,0.0000,11.1504,0.0000,3.8574,2.0333,7.5039,-2.0333,7.5039,11.0000,13.0000,9.0000,0
fall,24,29,1.000,-150.0000,25.6600,-1,0.0000,11.1478,0.0000,3.8618,2.0251,7.5048,-2.0251,7.5048,11.0000,13.0000,9.0000,0
fall,25,29,2.000,-150.0000,22.8600,-1,0.0000,11.1459,0.0000,3.8735,2.0203,7.5097,-2.0203,7.5097,11.0000,13.0000,9.0000,0
fall,26,29,3.000,-150.0000,20.0600,-1,0.0000,11.1447,0.0000,3.8910,2.0186,7.5178,-2.0186,7.5178,11.0000,13.0000,9.0000,0
fall,27,29,4.000,-150.0000,17.2600,-1,0.0000,11.1442,0.0000,3.9058,2.0192,7.5250,-2.0192,7.5250,11.0000,13.0000,9.0000,0
fall,28,29,5.000,-150.0000,14.4600,-1,0.0000,11.1447,0.0000,3.9054,2.0216,7.5250,-2.0216,7.5250,11.0000,13.0000,9.0000,0
fall,29,29,6.000,-150.0000,11.6600,-1,0.0000,11.1458,0.0000,3.8828,2.0249,7.5143,-2.0249,7.5143,11.0000,13.0000,9.0000,0
fall,30,29,7.000,-150.0000,8.8600,-1,0.0000,11.1478,0.0000,3.8628,2.0290,7.5053,-2.0290,7.5053,11.0000,13.0000,9.0000,0
fall,31,29,0.000,-150.0000,6.0600,-1,0.0000,11.1504,0.0000,3.8574,2.0333,7.5039,-2.0333,7.5039,11.0000,13.0000,9.0000,0
fall,32,29,1.000,-150.0000,3.2600,-1,0.0000,11.1478,0.0000,3.8618,2.0251,7.5048,-2.0251,7.5048,11.0000,13.0000,9.0000,0
fall,33,29,2.000,-150.0000,0.4600,-1,0.0000,11.1459,0.0000,3.8735,2.0203,7.5097,-2.0203,7.5097,11.0000,13.0000,9.0000,0
fall,34,29,3.000,-150.0000,-2.3400,-1,0.0000,11.1447,0.0000,3.8910,2.0186,7.5178,-2.0186,7.5178,11.0000,13.0000,9.0000,0
fall,35,29,4.000,-150.0000,-5.1400,-1,0.0000,11.1442,0.0000,3.9058,2.0192,7.5250,-2.0192,7.5250,11.0000,13.0000,9.0000,0
fall,36,29,5.000,-150.0000,-7.9400,-1,0.0000,11.1447,0.0000,3.9054,2.0216,7.5250,-2.0216,7.5250,11.0000,13.0000,9.0000,0
fall,37,29,6.000,-150.0000,-10.7400,-1,0.0000,11.1459,0.0000,3.8828,2.0249,7.5143,-2.0249,7.5143,11.0000,13.0000,9.0000,0
fall,38,29,7.000,-150.0000,-13.5400,-1,0.0000,11.1478,0.0000,3.8628,2.0290,7.5053,-2.0290,7.5053,11.0000,13.0000,9.0000,0
fall,39,29,0.000,-150.0000,-16.3400,-1,0.0000,11.1504,0.0000,3.8574,2.0333,7.5039,-2.0333,7.5039,11.0000,13.0000,9.0000,0
fall,40,29,1.000,-150.0000,-19.1400,-1,0.0000,11.1478,0.0000,3.8618,2.0251,7.5048,-2.0251,7.5048,11.0000,13.0000,9.0000,0
fall,41,29,2.000,-150.0000,-21.9400,-1,0.0000,11.1459,0.0000,3.8735,2.0203,7.5097,-2.0203,7.5097,11.0000,13.0000,9.0000,0
fall,42,29,3.000,-150.0000,-24.7400,-1,0.0000,11.1447,0.0000,3.8910,2.0186,7.5178,-2.0186,7.5178,11.0000,13.0000,9.0000,0
fall,43,29,4.000,-150.0000,-27.5400,-1,0.0000,11.1442,0.0000,3.9058,2.0192,7.5250,-2.0192,7.5250,11.0000,13.0000,9.0000,0
fall,44,29,5.000,-150.0000,-30.3400,-1,0.0000,11.1447,0.0000,3.9054,2.0216,7.5250,-2.0216,7.5250,11.0000,13.0000,9.0000,0
fall,45,29,6.000,-150.0000,-33.1400,-1,0.0000,11.1459,0.0000,3.8828,2.0249,7.5143,-2.0249,7.5143,11.0000,13.0000,9.0000,0
fall,46,29,7.000,-150.0000,-35.9400,-1,0.0000,11.1478,0.0000,3.8628,2.0290,7.5053,-2.0290,7.5053,11.0000,13.0000,9.0000,0
fall,47,29,0.000,-150.0000,-38.7400,-1,0.0000,11.1504,0.0000,3.8574,2.0333,7.5039,-2.0333,7.5039,11.0000,13.0000,9.0000,0
fall,48,29,1.000,-150.0000,-41.5400,-1,0.0000,11.1478,0.0000,3.8618,2.0251,7.5048,-2.0251,7.5048,11.0000,13.0000,9.0000,0
fall,49,29,2.000,-150.0000,-44.3400,-1,0.0000,11.1459,0.0000,3.8735,2.0203,7.5097,-2.0203,7.5097,11.0000,13.0000,9.0000,0
fall,50,29,3.000,-150.0000,-47.1400,-1,0.0000,11.1447,0.0000,3.8910,2.0186,7.5178,-2.0186,7.5178,11.0000,13.0000,9.0000,0
fall,51,29,4.000,-150.0000,-49.9400,-1,0.0000,11.1443,0.0000,3.9058,2.0192,7.5250,-2.0192,7.5250,11.0000,13.0000,9.0000,0
fall,52,29,5.000,-150.0000,-52.7400,-1,0.0000,11.1447,0.0000,3.9054,2.0216,7.5250,-2.0216,7.5250,11.0000,13.0000,9.0000,0
fall,53,29,6.000,-150.0000,-55.5400,-1,0.0000,11.1459,0.0000,3.8828,2.0249,7.5143,-2.0249,7.5143,11.0000,13.0000,9.0000,0
fall,54,29,7.000,-150.0000,-58.3400,-1,0.0000,11.1478,0.0000,3.8628,2.0290,7.5053,-2.0290,7.5053,11.0000,13.0000,9.0000,0
fall,55,29,0.000,-150.0000,-61.1400,-1,0.0000,11.1504,0.0000,3.8574,2.0333,7.5039,-2.0333,7.5039,11.0000,13.0000,9.0000,0
fall,56,29,1.000,-150.0000,-63.9400,-1,0.0000,11.1478,0.0000,3.8618,2.0251,7.5048,-2.0251,7.5048,11.0000,13.0000,9.0000,0
fall,57,29,2.000,-150.0000,-66.7400,-1,0.0000,11.1459,0.0000,3.8735,2.0203,7.5097,-2.0203,7.5097,11.0000,13.0000,9.0000,0
fall,58,29,3.000,-150.0000,-69.5400,-1,0.0000,11.1447,0.0000,3.8910,2.0186,7.5178,-2.0186,7.5178,11.0000,13.0000,9.0000,0
fall,59,29,4.000,-150.0000,-72.3400,-1,0.0000,11.1443,0.0000,3.9058,2.0192,7.5250,-2.0192,7.5250,11.0000,13.0000,9.0000,0
fall_drift,0,29,1.000,-150.0800,79.7700,-1,0.0000,11.1478,0.0000,0.0000,2.0251,7.5048,-2.0251,7.5048,11.0000,13.0000,9.0000,0
fall_drift,1,29,2.000,-150.2400,79.3100,-1,0.0000,11.1459,0.0000,0.0000,2.0203,7.5097,-2.0203,7.5097,11.0000,13.0000,9.0000,0
fall_drift,2,29,3.000,-150.4800,78.6200,-1,0.0000,11.1331,0.0000,0.0000,2.0000,7.4996,-2.0000,7.4996,11.0000,13.0000,9.0000,0
fall_drift,3,29,4.000,-150.8000,77.7000,-1,0.0000,11.1288,0.0000,0.0000,2.0000,7.4988,-2.0000,7.4988,11.0000,13.0000,9.0000,0
fall_drift,4,29,5.000,-151.2000,76.5500,-1,0.0000,11.1163,0.0000,0.0000,2.0000,7.4826,-2.0000,7.4826,11.0000,13.0000,9.0000,0
fall_drift,5,29,6.000,-151.6800,75.1700,-1,0.0000,11.1021,0.0000,0.0000,2.0000,7.4693,-2.0000,7.4693,11.0000,13.0000,9.0000,0
fall_drift,6,29,7.000,-152.2400,73.5600,-1,0.0000,11.0866,0.0000,0.0000,2.0000,7.4715,-2.0000,7.4715,11.0000,13.0000,9.0000,0
fall_drift,7,29,0.000,-152.8800,71.7200,-1,0.0000,11.0662,0.0000,0.0000,2.0000,7.4698,-2.0000,7.4698,11.0000,13.0000,9.0000,0
fall_drift,8,29,1.000,-153.6000,69.6500,-1,0.0000,11.0383,0.0000,0.0000,2.0000,7.4593,-2.0000,7.4593,11.0000,13.0000,9.0000,0
fall_drift,9,29,2.000,-154.4000,67.3500,-1,0.0000,11.0092,0.0000,3.8870,2.0000,7.4481,-2.0000,7.4481,11.0000,13.0000,9.0000,0
fall_drift,10,29,3.000,-155.2300,64.8200,-1,0.0000,10.9791,0.0000,3.9024,2.0000,7.4407,-2.0000,7.4407,11.0000,13.0000,9.0000,0
fall_drift,11,29,4.000,-156.0600,62.0600,-1,0.0000,10.9584,0.0000,3.9243,2.0000,7.4413,-2.0000,7.4413,11.0000,13.0000,9.0000,0
fall_drift,12,29,5.000,-156.8900,59.2600,-1,0.0000,10.9494,0.0000,3.9556,2.0000,7.4525,-2.0000,7.4525,11.0000,13.0000,9.0000,0
fall_drift,13,29,6.000,-157.7200,56.4600,-1,0.0000,10.9472,0.0000,4.0112,2.0000,7.4792,-2.0000,7.4792,11.0000,13.0000,9.0000,0
fall_drift,14,29,7.000,-158.5500,53.6600,-1,0.0000,10.9491,0.0000,4.0726,2.0000,7.5109,-2.0000,7.5109,11.0000,13.0000,9.0000,0
fall_drift,15,29,0.000,-159.3800,50.8600,-1,0.0000,10.9431,0.0000,4.0342,2.0000,7.4886,-2.0000,7.4886,11.0000,13.0000,9.0000,0
fall_drift,16,29,1.000,-160.2100,48.0600,-1,0.0000,10.9389,0.0000,3.9980,2.0000,7.4685,-2.0000,7.4685,11.0000,13.0000,9.0000,0
fall_drift,17,29,2.000,-161.0400,45.2600,-1,0.0000,10.9365,0.0000,3.9702,2.0000,7.4534,-2.0000,7.4534,11.0000,13.0000,9.0000,0
fall_drift,18,29,3.000,-161.8700,42.4600,-1,0.0000,10.9357,0.0000,3.9543,2.0000,7.4450,-2.0000,7.4450,11.0000,13.0000,9.0000,0
fall_drift,19,29,4.000,-162.7000,39.6600,-1,0.0000,10.9363,0.0000,3.9534,2.0000,7.4448,-2.0000,7.4448,11.0000,13.0000,9.0000,0
fall_drift,20,29,5.000,-163.5300,36.8600,-1,0.0000,10.9383,0.0000,3.9724,2.0000,7.4553,-2.0000,7.4553,11.0000,13.0000,9.0000,0
fall_drift,21,29,6.000,-164.3600,34.0600,-1,0.0000,10.9417,0.0000,4.0211,2.0000,7.4814,-2.0000,7.4814,11.0000,13.0000,9.0000,0
fall_drift,22,29,7.000,-165.1900,31.2600,-1,0.0000,10.9464,0.0000,4.0782,2.0000,7.5123,-2.0000,7.5123,11.0000,13.0000,9.0000,0
fall_drift,23,29,0.000,-166.0200,28.4600,-1,0.0000,10.9416,0.0000,4.0365,2.0000,7.4891,-2.0000,7.4891,11.0000,13.0000,9.0000,0
fall_drift,24,29,1.000,-166.8500,25.6600,-1,0.0000,10.9382,0.0000,3.9990,2.0000,7.4686,-2.0000,7.4686,11.0000,13.0000,9.0000,0
fall_drift,25,29,2.000,-167.6800,22.8600,-1,0.0000,10.9362,0.0000,3.9706,2.0000,7.4534,-2.0000,7.4534,11.0000,13.0000,9.0000,0
fall_drift,26,29,3.000,-168.5100,20.0600,-1,0.0000,10.9355,0.0000,3.9546,2.0000,7.4450,-2.0000,7.4450,11.0000,13.0000,9.0000,0
fall_drift,27,29,4.000,-169.3400,17.2600,-1,0.0000,10.9362,0.0000,3.9536,2.0000,7.4449,-2.0000,7.4449,11.0000,13.0000,9.0000,0
fall_drift,28,29,5.000,-170.1700,14.4600,-1,0.0000,10.9382,0.0000,3.9724,2.0000,7.4553,-2.0000,7.4553,11.0000,13.0000,9.0000,0
fall_drift,29,29,6.000,-171.0000,11.6600,-1,0.0000,10.9416,0.0000,4.0211,2.0000,7.4814,-2.0000,7.4814,11.0000,13.0000,9.0000,0
fall_drift,30,29,7.000,-171.8300,8.8600,-1,0.0000,10.9464,0.0000,4.0782,2.0000,7.5123,-2.0000,7.5123,11.0000,13.0000,9.0000,0
fall_drift,31,29,0.000,-172.6600,6.0600,-1,0.0000,10.9416,0.0000,4.0365,2.0000,7.4891,-2.0000,7.4891,11.0000,13.0000,9.0000,0
fall_drift,32,29,1.000,-173.4900,3.2600,-1,0.0000,10.9382,0.0000,3.9990,2.0000,7.4686,-2.0000,7.4686,11.0000,13.0000,9.0000,0
fall_drift,33,29,2.000,-174.3200,0.4600,-1,0.0000,10.9362,0.0000,3.9706,2.0000,7.4534,-2.0000,7.4534,11.0000,13.0000,9.0000,0
fall_drift,34,29,3.000,-175.1500,-2.3400,-1,0.0000,10.9355,0.0000,3.9546,2.0000,7.4450,-2.0000,7.4450,11.0000,13.0000,9.0000,0
fall_drift,35,29,4.000,-175.9800,-5.1400,-1,0.0000,10.9362,0.0000,3.9536,2.0000,7.4449,-2.0000,7.4449,11.0000,13.0000,9.0000,0
fall_drift,36,29,5.000,-176.8100,-7.9400,-1,0.0000,10.9382,0.0000,3.9724,2.0000,7.4553,-2.0000,7.4553,11.0000,13.0000,9.0000,0
fall_drift,37,29,6.000,-177.6400,-10.7400,-1,0.0000,10.9416,0.0000,4.0211,2.0000,7.4814,-2.0000,7.4814,11.0000,13.0000,9.0000,0
fall_drift,38,29,7.000,-178.4700,-13.5400,-1,0.0000,10.9464,0.0000,4.0782,2.0000,7.5123,-2.0000,7.5123,11.0000,13.0000,9.0000,0
fall_drift,39,29,0.000,-179.3000,-16.3400,-1,0.0000,10.9416,0.0000,4.0365,2.0000,7.4891,-2.0000,7.4891,11.0000,13.0000,9.0000,0
fall_drift,40,29,1.000,-180.1301,-19.1400,-1,0.0000,10.9382,0.0000,3.9990,2.0000,7.4686,-2.0000,7.4686,11.0000,13.0000,9.0000,0
fall_drift,41,29,2.000,-180.9601,-21.9400,-1,0.0000,10.9362,0.0000,3.9706,2.0000,7.4534,-2.0000,7.4534,11.0000,13.0000,9.0000,0
fall_drift,42,29,3.000,-181.7901,-24.7400,-1,0.0000,10.9355,0.0000,3.9546,2.0000,7.4450,-2.0000,7.4450,11.0000,13.0000,9.0000,0
fall_drift,43,29,4.000,-182.6201,-27.5400,-1,0.0000,10.9362,0.0000,3.9536,2.0000,7.4449,-2.0000,7.4449,11.0000,13.0000,9.0000,0
fall_drift,44,29,5.000,-183.4501,-30.3400,-1,0.0000,10.9382,0.0000,3.9724,2.0000,7.4553,-2.0000,7.4553,11.0000,13.0000,9.0000,0
fall_drift,45,29,6.000,-184.2801,-33.1400,-1,0.0000,10.9416,0.0000,4.0211,2.0000,7.4814,-2.0000,7.4814,11.0000,13.0000,9.0000,0
fall_drift,46,29,7.000,-185.1101,-35.9400,-1,0.0000,10.9464,0.0000,4.0782,2.0000,7.5123,-2.0000,7.5123,11.0000,13.0000,9.0000,0
fall_drift,47,29,0.000,-185.9401,-38.7400,-1,0.0000,10.9416,0.0000,4.0365,2.0000,7.4891,-2.0000,7.4891,11.0000,13.0000,9.0000,0
fall_drift,48,29,1.000,-186.7701,-41.5400,-1,0.0000,10.9382,0.0000,3.9990,2.0000,7.4686,-2.0000,7.4686,11.0000,13.0000,9.0000,0
fall_drift,49,29,2.000,-187.6001,-44.3400,-1,0.0000,10.9362,0.0000,3.9706,2.0000,7.4534,-2.0000,7.4534,11.0000,13.0000,9.0000,0
fall_drift,50,29,3.000,-188.4301,-47.1400,-1,0.0000,10.9355,0.0000,3.9546,2.0000,7.4450,-2.0000,7.4450,11.0000,13.0000,9.0000,0
fall_drift,51,29,4.000,-189.2601,-49.9400,-1,0.0000,10.9362,0.0000,3.9536,2.0000,7.4449,-2.0000,7.4449,11.0000,13.0000,9.0000,0
fall_drift,52,29,5.000,-190.0901,-52.7400,-1,0.0000,10.9382,0.0000,3.9724,2.0000,7.4553,-2.0000,7.4553,11.0000,13.0000,9.0000,0
fall_drift,53,29,6.000,-190.9201,-55.5400,-1,0.0000,10.9416,0.0000,4.0211,2.0000,7.4814,-2.0000,7.4814,11.0000,13.0000,9.0000,0
fall_drift,54,29,7.000,-191.7501,-58.3400,-1,0.0000,10.9464,0.0000,4.0782,2.0000,7.5123,-2.0000,7.5123,11.0000,13.0000,9.0000,0
fall_drift,55,29,0.000,-192.5801,-61.1400,-1,0.0000,10.9416,0.0000,4.0365,2.0000,7.4891,-2.0000,7.4891,11.0000,13.0000,9.0000,0
fall_drift,56,29,1.000,-193.4101,-63.9400,-1,0.0000,10.9382,0.0000,3.9990,2.0000,7.4686,-2.0000,7.4686,11.0000,13.0000,9.0000,0
fall_drift,57,29,2.000,-194.2401,-66.7400,-1,0.0000,10.9362,0.0000,3.9706,2.0000,7.4534,-2.0000,7.4534,11.0000,13.0000,9.0000,0
fall_drift,58,29,3.000,-195.0701,-69.5400,-1,0.0000,10.9355,0.0000,3.9546,2.0000,7.4450,-2.0000,7.4450,11.0000,13.0000,9.0000,0
fall_drift,59,29,4.000,-195.9001,-72.3400,-1,0.0000,10.9362,0.0000,3.9536,2.0000,7.4449,-2.0000,7.4449,11.0000,13.0000,9.0000,0
double_jump,0,29,1.000,-150.0800,59.7700,-1,0.0000,11.1478,0.0000,0.0000,2.0251,7.5048,-2.0251,7.5048,11.0000,13.0000,9.0000,0
double_jump,1,27,0.000,-150.9600,63.9560,-1,0.0000,11.1504,0.0000,0.0000,2.0331,7.5039,-2.0331,7.5039,11.0000,13.0000,9.0000,0
double_jump,2,27,1.000,-151.8200,67.9120,-1,0.0000,10.5927,0.0000,0.0000,2.0000,7.3836,-2.0000,7.3836,11.0000,13.0000,9.0000,0
double_jump,3,27,2.000,-152.6600,71.6380,-1,0.0000,9.5268,0.0000,0.0000,2.0000,6.9046,-2.0000,6.9046,11.0000,13.0000,9.0000,0
double_jump,4,27,3.000,-153.4900,75.1340,-1,0.0000,8.5176,0.0000,0.0000,3.1997,6.7187,-3.1997,6.7187,11.0000,13.0000,9.0000,0
double_jump,5,27,4.000,-154.3200,78.4000,-1,0.0000,9.8899,0.0000,0.0000,2.0226,7.6231,-2.0226,7.6231,11.0000,13.0000,9.0000,0
double_jump,6,27,5.000,-155.1500,81.4360,-1,0.0000,11.3574,0.0000,0.0000,2.0000,8.6239,-2.0000,8.6239,11.0000,13.0000,9.0000,0
double_jump,7,27,6.000,-155.9800,84.2420,-1,0.0000,10.8162,0.0000,0.0000,2.0000,8.8772,-2.0000,8.8772,11.0000,13.0000,9.0000,0
double_jump,8,27,7.000,-156.8100,86.8180,-1,0.0000,9.6681,0.0000,0.0000,2.2393,8.2580,-2.2393,8.2580,11.0000,13.0000,9.0000,0
double_jump,9,27,8.000,-157.6400,89.1640,-1,0.0000,10.4258,0.0000,0.0000,2.0000,8.7099,-2.0000,8.7099,11.0000,13.0000,9.0000,0
double_jump,10,27,9.000,-158.4700,91.2800,-1,0.0000,9.7008,0.0000,5.6784,2.0000,7.6896,-2.0000,7.6896,11.0000,13.0000,9.0000,0
double_jump,11,27,10.000,-159.3000,93.1660,-1,0.0000,9.5532,0.0000,5.8071,2.0000,7.6802,-2.0000,7.6802,11.0000,13.0000,9.0000,0
double_jump,12,27,11.000,-160.1300,94.8220,-1,0.0000,9.5667,0.0000,6.6727,2.0197,8.1197,-2.0197,8.1197,11.0000,13.0000,9.0000,0
double_jump,13,27,12.000,-160.9600,96.2480,-1,0.0000,9.1837,0.0000,5.9762,2.0000,7.5800,-2.0000,7.5800,11.0000,13.0000,9.0000,0
double_jump,14,27,13.000,-161.7900,97.4440,-1,0.0000,10.2617,0.0000,6.1755,2.0000,8.2186,-2.0000,8.2186,11.0000,13.0000,9.0000,0
double_jump,15,27,14.000,-162.6200,98.4100,-1,0.0000,10.2718,0.0000,6.5076,2.0000,8.3897,-2.0000,8.3897,11.0000,13.0000,9.0000,0
double_jump,16,27,15.000,-163.4500,99.1460,-1,0.0000,9.2555,0.0000,5.8501,2.0000,7.5528,-2.0000,7.5528,11.0000,13.0000,9.0000,0
double_jump,17,27,16.000,-164.2800,99.6520,-1,0.0000,8.8804,0.0000,5.8708,2.0000,7.3756,-2.0000,7.3756,11.0000,13.0000,9.0000,0
double_jump,18,27,17.000,-165.1100,99.9280,-1,0.0000,9.3710,0.0000,6.1677,2.0000,7.7694,-2.0000,7.7694,11.0000,13.0000,9.0000,0
double_jump,19,27,18.000,-165.9400,99.9740,-1,0.0000,9.4663,0.0000,5.4408,2.0000,7.4536,-2.0000,7.4536,11.0000,13.0000,9.0000,0
double_jump,20,27,19.000,-166.7700,99.7900,-1,0.0000,9.2454,0.0000,5.4034,2.0000,7.3244,-2.0000,7.3244,11.0000,13.0000,9.0000,0
double_jump,21,27,20.000,-167.6000,99.3760,-1,0.0000,9.7113,0.0000,5.8850,2.0000,7.7982,-2.0000,7.7982,11.0000,13.0000,9.0000,0
double_jump,22,27,21.000,-168.4300,98.7320,-1,0.0000,10.1310,0.0000,6.7530,2.0000,8.4420,-2.0000,8.4420,11.0000,13.0000,9.0000,0
double_jump,23,27,22.000,-169.2600,97.8580,-1,0.0000,10.1050,0.0000,7.2012,2.0059,8.6531,-2.0059,8.6531,11.0000,13.0000,9.0000,0
double_jump,24,27,23.000,-170.0900,96.7540,-1,0.0000,9.7315,0.0000,6.6946,2.0000,8.2131,-2.0000,8.2131,11.0000,13.0000,9.0000,0
double_jump,25,27,24.000,-170.9200,95.4200,-1,0.0000,9.7858,0.0000,6.4489,2.0000,8.1174,-2.0000,8.1174,11.0000,13.0000,9.0000,0
double_jump,26,27,25.000,-171.7500,93.8560,-1,0.0000,10.4116,0.0000,6.4713,2.0000,8.4415,-2.0000,8.4415,11.0000,13.0000,9.0000,0
double_jump,27,27,26.000,-172.5800,92.0620,-1,0.0000,10.7936,0.0000,6.7220,2.0000,8.7578,-2.0000,8.7578,11.0000,13.0000,9.0000,0
double_jump,28,27,27.000,-173.4100,90.0380,-1,0.0000,10.9027,0.0000,6.9835,2.0000,8.9431,-2.0000,8.9431,11.0000,13.0000,9.0000,0
double_jump,29,27,28.000,-174.2400,87.7840,-1,0.0000,10.7716,0.0000,6.9155,2.0000,8.8435,-2.0000,8.8435,11.0000,13.0000,9.0000,0
double_jump,30,27,29.000,-175.0700,85.3000,-1,0.0000,10.4485,0.0000,6.6589,2.0000,8.5537,-2.0000,8.5537,11.0000,13.0000,9.0000,0
double_jump,31,27,30.000,-175.9000,82.5860,-1,0.0000,10.0292,0.0000,6.5331,2.0000,8.2812,-2.0000,8.2812,11.0000,13.0000,9.0000,0
double_jump,32,27,31.000,-176.7300,79.7860,-1,0.0000,9.5900,0.0000,6.5154,2.0000,8.0527,-2.0000,8.0527,11.0000,13.0000,9.0000,0
double_jump,33,27,32.000,-177.5600,76.9860,-1,0.0000,9.3921,0.0000,6.5789,2.0000,7.9855,-2.0000,7.9855,11.0000,13.0000,9.0000,0
double_jump,34,27,33.000,-178.3900,74.1860,-1,0.0000,9.6758,0.0000,6.6973,2.0573,8.1865,-2.0573,8.1865,11.0000,13.0000,9.0000,0
double_jump,35,27,34.000,-179.2200,71.3860,-1,0.0000,9.8904,0.0000,6.8475,2.1323,8.3689,-2.1323,8.3689,11.0000,13.0000,9.0000,0
double_jump,36,27,35.000,-180.0500,68.5860,-1,0.0000,10.0441,0.0000,7.0111,2.1626,8.5276,-2.1626,8.5276,11.0000,13.0000,9.0000,0
double_jump,37,27,36.000,-180.8801,65.7860,-1,0.0000,10.1473,0.0000,7.1743,2.1544,8.6608,-2.1544,8.6608,11.0000,13.0000,9.0000,0
double_jump,38,27,37.000,-181.7101,62.9860,-1,0.0000,10.2104,0.0000,7.0921,2.1133,8.6512,-2.1133,8.6512,11.0000,13.0000,9.0000,0
double_jump,39,27,38.000,-182.5401,60.1860,-1,0.0000,10.2433,0.0000,6.7413,2.0452,8.4923,-2.0452,8.4923,11.0000,13.0000,9.0000,0
double_jump,40,27,39.000,-183.3701,57.3860,-1,0.0000,10.2547,0.0000,6.4153,2.0000,8.3350,-2.0000,8.3350,11.0000,13.0000,9.0000,0
double_jump,41,27,40.000,-184.2001,54.5860,-1,0.0000,10.2516,0.0000,6.1149,2.0000,8.1832,-2.0000,8.1832,11.0000,13.0000,9.0000,0
double_jump,42,27,41.000,-185.0301,51.7860,-1,0.0000,10.2397,0.0000,5.8403,2.0000,8.0400,-2.0000,8.0400,11.0000,13.0000,9.0000,0
double_jump,43,27,42.000,-185.8601,48.9860,-1,0.0000,10.2939,0.0000,5.5913,2.0000,7.9426,-2.0000,7.9426,11.0000,13.0000,9.0000,0
double_jump,44,27,43.000,-186.6901,46.1860,-1,0.0000,10.4589,0.0000,5.3674,2.0000,7.9131,-2.0000,7.9131,11.0000,13.0000,9.0000,0
double_jump,45,27,44.000,-187.5201,43.3860,-1,0.0000,10.6043,0.0000,5.1675,2.0000,7.8859,-2.0000,7.8859,11.0000,13.0000,9.0000,0
double_jump,46,27,45.000,-188.3501,40.5860,-1,0.0000,10.7309,0.0000,4.9906,2.0000,7.8607,-2.0000,7.8607,11.0000,13.0000,9.0000,0
double_jump,47,27,46.000,-189.1801,37.7860,-1,0.0000,10.8397,0.0000,4.8352,2.0000,7.8374,-2.0000,7.8374,11.0000,13.0000,9.0000,0
double_jump,48,27,47.000,-190.0101,34.9860,-1,0.0000,10.9320,0.0000,4.7000,2.0000,7.8160,-2.0000,7.8160,11.0000,13.0000,9.0000,0
double_jump,49,27,48.000,-190.8401,32.1860,-1,0.0000,11.0092,0.0000,4.5837,2.0000,7.7965,-2.0000,7.7965,11.0000,13.0000,9.0000,0
double_jump,50,27,49.000,-191.6701,29.3860,-1,0.0000,11.0730,0.0000,4.4850,2.0000,7.7790,-2.0000,7.7790,11.0000,13.0000,9.0000,0
double_jump,51,32,0.000,-192.5001,26.5860,-1,0.0000,11.1246,0.0000,4.4023,2.0000,7.7634,-2.0000,7.7634,11.0000,13.0000,9.0000,0
double_jump,52,32,1.000,-193.3301,23.7860,-1,0.0000,10.5464,0.0000,4.1678,2.0000,7.3571,-2.0000,7.3571,11.0000,13.0000,9.0000,0
double_jump,53,32,2.000,-194.1601,20.9860,-1,0.0000,10.5726,0.0000,4.1626,2.0000,7.3676,-2.0000,7.3676,11.0000,13.0000,9.0000,0
double_jump,54,32,3.000,-194.9901,18.1860,-1,0.0000,10.4792,0.0000,4.1816,2.0000,7.3304,-2.0000,7.3304,11.0000,13.0000,9.0000,0
double_jump,55,32,4.000,-195.8201,15.3860,-1,0.0000,10.4175,0.0000,4.1961,2.0000,7.3068,-2.0000,7.3068,11.0000,13.0000,9.0000,0
double_jump,56,32,5.000,-196.6501,12.5860,-1,0.0000,10.3699,0.0000,4.2054,2.0000,7.2876,-2.0000,7.2876,11.0000,13.0000,9.0000,0
double_jump,57,32,6.000,-197.4801,9.7860,-1,0.0000,10.3361,0.0000,4.2116,2.0000,7.2738,-2.0000,7.2738,11.0000,13.0000,9.0000,0
double_jump,58,32,7.000,-198.3101,6.9860,-1,0.0000,10.3237,0.0000,4.2162,2.0000,7.2699,-2.0000,7.2699,11.0000,13.0000,9.0000,0
double_jump,59,32,0.000,-199.1401,4.1860,-1,0.0000,10.3243,0.0000,4.2120,2.0000,7.2682,-2.0000,7.2682,11.0000,13.0000,9.0000,0
double_jump,60,32,1.000,-199.9701,1.3860,-1,0.0000,10.3427,0.0000,4.2096,2.0000,7.2761,-2.0000,7.2761,11.0000,13.0000,9.0000,0
double_jump,61,32,2.000,-200.8001,-1.4140,-1,0.0000,10.3631,0.0000,4.2087,2.0000,7.2859,-2.0000,7.2859,11.0000,13.0000,9.0000,0
double_jump,62,32,3.000,-201.6301,-4.2140,-1,0.0000,10.3727,0.0000,4.2092,2.0000,7.2909,-2.0000,7.2909,11.0000,13.0000,9.0000,0
double_jump,63,32,4.000,-202.4601,-7.0140,-1,0.0000,10.3635,0.0000,4.2106,2.0000,7.2871,-2.0000,7.2871,11.0000,13.0000,9.0000,0
double_jump,64,32,5.000,-203.2901,-9.8140,-1,0.0000,10.3429,0.0000,4.2127,2.0000,7.2778,-2.0000,7.2778,11.0000,13.0000,9.0000,0
double_jump,65,32,6.000,-204.1201,-12.6140,-1,0.0000,10.3226,0.0000,4.2152,2.0000,7.2689,-2.0000,7.2689,11.0000,13.0000,9.0000,0
double_jump,66,32,7.000,-204.9501,-15.4140,-1,0.0000,10.3170,0.0000,4.2180,2.0000,7.2675,-2.0000,7.2675,11.0000,13.0000,9.0000,0
double_jump,67,32,0.000,-205.7801,-18.2140,-1,0.0000,10.3210,0.0000,4.2129,2.0000,7.2669,-2.0000,7.2669,11.0000,13.0000,9.0000,0
double_jump,68,32,1.000,-206.6101,-21.0140,-1,0.0000,10.3410,0.0000,4.2100,2.0000,7.2755,-2.0000,7.2755,11.0000,13.0000,9.0000,0
double_jump,69,32,2.000,-207.4401,-23.8140,-1,0.0000,10.3622,0.0000,4.2090,2.0000,7.2856,-2.0000,7.2856,11.0000,13.0000,9.0000,0
firefox_up,0,27,0.000,-150.0000,44.1860,-1,0.0000,11.1504,0.0000,0.0000,2.0331,7.5039,-2.0331,7.5039,11.0000,13.0000,9.0000,0
firefox_up,1,354,1.000,-150.0000,44.1860,-1,0.0000,11.1009,0.0000,0.0000,2.0000,7.6836,-2.0000,7.6836,11.0000,13.0000,9.0000,0
firefox_up,2,354,2.000,-150.0000,44.1860,-1,0.0000,10.9433,0.0000,0.0000,2.0000,8.0664,-2.0000,8.0664,11.0000,13.0000,9.0000,0
firefox_up,3,354,3.000,-150.0000,44.1860,-1,0.0000,10.8538,0.0000,0.0000,2.0000,8.3310,-2.0000,8.3310,11.0000,13.0000,9.0000,0
firefox_up,4,354,4.000,-150.0000,44.1860,-1,0.0000,10.9745,0.0000,0.0000,2.0000,8.2534,-2.0000,8.2534,11.0000,13.0000,9.0000,0
firefox_up,5,354,5.000,-150.0000,44.1860,-1,0.0000,11.0800,0.0000,0.0000,2.0000,8.2148,-2.0000,8.2148,11.0000,13.0000,9.0000,0
firefox_up,6,354,6.000,-150.0000,44.1860,-1,0.0000,11.2043,0.0000,0.0000,2.0000,8.0610,-2.0000,8.0610,11.0000,13.0000,9.0000,0
firefox_up,7,354,7.000,-150.0000,44.1860,-1,0.0000,11.2795,0.0000,0.0000,2.0000,7.9105,-2.0000,7.9105,11.0000,13.0000,9.0000,0
firefox_up,8,354,8.000,-150.0000,44.1860,-1,0.0000,11.3163,0.0000,0.0000,2.0000,7.8199,-2.0000,7.8199,11.0000,13.0000,9.0000,0
firefox_up,9,354,9.000,-150.0000,44.1860,-1,0.0000,11.3322,0.0000,4.3118,2.0000,7.8220,-2.0000,7.8220,11.0000,13.0000,9.0000,0
firefox_up,10,354,10.000,-150.0000,44.1860,-1,0.0000,11.3486,0.0000,4.3556,2.0000,7.8521,-2.0000,7.8521,11.0000,13.0000,9.0000,0
firefox_up,11,354,11.000,-150.0000,44.1860,-1,0.0000,11.3663,0.0000,4.4038,2.0000,7.8850,-2.0000,7.8850,11.0000,13.0000,9.0000,0
firefox_up,12,354,12.000,-150.0000,44.1860,-1,0.0000,11.3862,0.0000,4.3840,2.0000,7.8851,-2.0000,7.8851,11.0000,13.0000,9.0000,0
firefox_up,13,354,13.000,-150.0000,44.1860,-1,0.0000,11.3968,0.0000,4.3475,2.0000,7.8721,-2.0000,7.8721,11.0000,13.0000,9.0000,0
firefox_up,14,354,14.000,-150.0000,44.1860,-1,0.0000,11.4051,0.0000,4.3285,2.0000,7.8668,-2.0000,7.8668,11.0000,13.0000,9.0000,0
firefox_up,15,354,15.000,-150.0000,44.1860,-1,0.0000,11.4236,0.0000,4.3277,2.0000,7.8757,-2.0000,7.8757,11.0000,13.0000,9.0000,0
firefox_up,16,354,16.000,-150.0000,44.1710,-1,0.0000,11.4536,0.0000,4.3439,2.0000,7.8987,-2.0000,7.8987,11.0000,13.0000,9.0000,0
firefox_up,17,354,17.000,-150.0000,44.1410,-1,0.0000,11.4740,0.0000,4.3509,2.0000,7.9124,-2.0000,7.9124,11.0000,13.0000,9.0000,0
firefox_up,18,354,18.000,-150.0000,44.0960,-1,0.0000,11.4840,0.0000,4.3407,2.0000,7.9123,-2.0000,7.9123,11.0000,13.0000,9.0000,0
firefox_up,19,354,19.000,-150.0000,44.0360,-1,0.0000,11.4804,0.0000,4.3113,2.0000,7.8959,-2.0000,7.8959,11.0000,13.0000,9.0000,0
firefox_up,20,354,20.000,-150.0000,43.9610,-1,0.0000,11.4833,0.0000,4.2935,2.0000,7.8884,-2.0000,7.8884,11.0000,13.0000,9.0000,0
firefox_up,21,354,21.000,-150.0000,43.8710,-1,0.0000,11.4834,0.0000,4.2949,2.0000,7.8892,-2.0000,7.8892,11.0000,13.0000,9.0000,0
firefox_up,22,354,22.000,-150.0000,43.7660,-1,0.0000,11.4925,0.0000,4.3103,2.0000,7.9014,-2.0000,7.9014,11.0000,13.0000,9.0000,0
firefox_up,23,354,23.000,-150.0000,43.6460,-1,0.0000,11.4868,0.0000,4.3190,2.0000,7.9029,-2.0000,7.9029,11.0000,13.0000,9.0000,0
firefox_up,24,354,24.000,-150.0000,43.5110,-1,0.0000,11.4577,0.0000,4.3132,2.0000,7.8854,-2.0000,7.8854,11.0000,13.0000,9.0000,0
firefox_up,25,354,25.000,-150.0000,43.3610,-1,0.0000,11.3909,0.0000,4.2915,2.0000,7.8412,-2.0000,7.8412,11.0000,13.0000,9.0000,0
firefox_up,26,354,26.000,-150.0000,43.1960,-1,0.0000,11.3508,0.0000,4.2772,2.0000,7.8140,-2.0000,7.8140,11.0000,13.0000,9.0000,0
firefox_up,27,354,27.000,-150.0000,43.0160,-1,0.0000,11.3526,0.0000,4.2757,2.0000,7.8141,-2.0000,7.8141,11.0000,13.0000,9.0000,0
firefox_up,28,354,28.000,-150.0000,42.8210,-1,0.0000,11.3874,0.0000,4.2828,2.0000,7.8351,-2.0000,7.8351,11.0000,13.0000,9.0000,0
firefox_up,29,354,29.000,-150.0000,42.6110,-1,0.0000,11.4015,0.0000,4.2870,2.0000,7.8443,-2.0000,7.8443,11.0000,13.0000,9.0000,0
firefox_up,30,354,30.000,-150.0000,42.3860,-1,0.0000,11.3908,0.0000,4.2813,2.0000,7.8360,-2.0000,7.8360,11.0000,13.0000,9.0000,0
firefox_up,31,354,31.000,-150.0000,42.1460,-1,0.0000,11.3487,0.0000,4.2637,2.0000,7.8062,-2.0000,7.8062,11.0000,13.0000,9.0000,0
firefox_up,32,354,32.000,-150.0000,41.8910,-1,0.0000,11.3019,0.0000,4.2542,2.0000,7.7781,-2.0000,7.7781,11.0000,13.0000,9.0000,0
firefox_up,33,354,33.000,-150.0000,41.6210,-1,0.0000,11.2513,0.0000,4.2577,2.0000,7.7545,-2.0000,7.7545,11.0000,13.0000,9.0000,0
firefox_up,34,354,34.000,-150.0000,41.3360,-1,0.0000,11.1831,0.0000,4.2834,2.0000,7.7333,-2.0000,7.7333,11.0000,13.0000,9.0000,0
firefox_up,35,354,35.000,-150.0000,41.0360,-1,0.0000,11.2351,0.0000,4.3691,2.0000,7.8021,-2.0000,7.8021,11.0000,13.0000,9.0000,0
firefox_up,36,354,36.000,-150.0000,40.7210,-1,0.0000,11.2980,0.0000,4.7948,2.0000,8.0464,-2.0000,8.0464,11.0000,13.0000,9.0000,0
firefox_up,37,354,37.000,-150.0000,40.3910,-1,0.0000,11.1404,0.0000,4.8919,2.0000,8.0161,-2.0000,8.0161,11.0000,13.0000,9.0000,0
firefox_up,38,354,38.000,-150.0000,40.0460,-1,0.0000,10.6015,0.0000,4.6715,2.0000,7.6365,-2.0000,7.6365,11.0000,13.0000,9.0000,0
firefox_up,39,354,39.000,-150.0000,39.6860,-1,0.0000,10.1667,0.0000,4.6329,2.0000,7.3998,-2.0000,7.3998,11.0000,13.0000,9.0000,0
firefox_up,40,354,40.000,-150.0000,39.3110,-1,0.0000,9.2648,0.0000,3.5745,2.0000,6.4197,-2.0000,6.4197,11.0000,13.0000,9.0000,0
firefox_up,41,354,41.000,-150.0000,38.9210,-1,0.0000,7.9545,0.0000,2.3214,2.0000,5.1379,-2.0000,5.1379,11.0000,13.0000,9.0000,0
firefox_up,42,354,42.000,-150.0000,38.5160,-1,0.0000,6.8304,0.0000,2.0470,3.4234,4.4387,-3.4234,4.4387,11.0000,13.0000,9.0000,0
firefox_up,43,356,0.000,-150.0000,42.3160,-1,0.0000,11.7247,0.0000,3.7055,2.0000,7.7151,-2.0000,7.7151,11.0000,13.0000,9.0000,0
firefox_up,44,356,1.000,-150.0000,46.1160,-1,0.0000,11.7247,0.0000,3.7055,2.0000,7.7151,-2.0000,7.7151,11.0000,13.0000,9.0000,0
firefox_up,45,356,2.000,-150.0000,49.9160,-1,0.0000,11.7247,0.0000,3.7055,2.4251,7.7151,-2.4251,7.7151,11.0000,13.0000,9.0000,0
firefox_up,46,356,3.000,-150.0000,53.7160,-1,0.0000,11.7247,0.0000,3.7055,2.2440,7.7151,-2.2440,7.7151,11.0000,13.0000,9.0000,0
firefox_up,47,356,4.000,-150.0000,57.5160,-1,0.0000,11.7247,0.0000,3.7055,2.0000,7.7151,-2.0000,7.7151,11.0000,13.0000,9.0000,0
firefox_up,48,356,5.000,-150.0000,61.2160,-1,0.0000,11.7247,0.0000,3.7055,2.4664,7.7151,-2.4664,7.7151,11.0000,13.0000,9.0000,0
firefox_up,49,356,6.000,-150.0000,64.8160,-1,0.0000,11.7247,0.0000,3.7055,2.0000,7.7151,-2.0000,7.7151,11.0000,13.0000,9.0000,0
firefox_up,50,356,7.000,-150.0000,68.3160,-1,0.0000,11.7247,0.0000,3.7055,2.3343,7.7151,-2.3343,7.7151,11.0000,13.0000,9.0000,0
firefox_up,51,356,8.000,-150.0000,71.7160,-1,0.0000,11.7247,0.0000,3.7055,2.0000,7.7151,-2.0000,7.7151,11.0000,13.0000,9.0000,0
firefox_up,52,356,9.000,-150.0000,75.0160,-1,0.0000,11.7247,0.0000,3.7055,2.3236,7.7151,-2.3236,7.7151,11.0000,13.0000,9.0000,0
firefox_up,53,356,10.000,-150.0000,78.2160,-1,0.0000,11.7247,0.0000,3.7055,2.0000,7.7151,-2.0000,7.7151,11.0000,13.0000,9.0000,0
firefox_up,54,356,11.000,-150.0000,81.3160,-1,0.0000,11.7247,0.0000,3.7055,2.4703,7.7151,-2.4703,7.7151,11.0000,13.0000,9.0000,0
firefox_up,55,356,12.000,-150.0000,84.3160,-1,0.0000,11.7247,0.0000,3.7055,2.0000,7.7151,-2.0000,7.7151,11.0000,13.0000,9.0000,0
firefox_up,56,356,13.000,-150.0000,87.2160,-1,0.0000,11.7247,0.0000,3.7055,2.3541,7.7151,-2.3541,7.7151,11.0000,13.0000,9.0000,0
firefox_up,57,356,14.000,-150.0000,90.0160,-1,0.0000,11.7247,0.0000,3.7055,2.2749,7.7151,-2.2749,7.7151,11.0000,13.0000,9.0000,0
firefox_up,58,356,15.000,-150.0000,92.7160,-1,0.0000,11.7247,0.0000,3.7055,2.0000,7.7151,-2.0000,7.7151,11.0000,13.0000,9.0000,0
firefox_up,59,356,16.000,-150.0000,95.3160,-1,0.0000,11.7247,0.0000,3.7055,2.2890,7.7151,-2.2890,7.7151,11.0000,13.0000,9.0000,0
firefox_up,60,356,17.000,-150.0000,97.8160,-1,0.0000,11.7247,0.0000,3.7055,2.4636,7.7151,-2.4636,7.7151,11.0000,13.0000,9.0000,0
firefox_up,61,356,18.000,-150.0000,100.2160,-1,0.0000,11.7247,0.0000,3.7055,2.0000,7.7151,-2.0000,7.7151,11.0000,13.0000,9.0000,0
firefox_up,62,356,19.000,-150.0000,102.5160,-1,0.0000,11.7247,0.0000,3.7055,2.0000,7.7151,-2.0000,7.7151,11.0000,13.0000,9.0000,0
firefox_up,63,356,20.000,-150.0000,104.7160,-1,0.0000,11.7247,0.0000,3.7055,2.1445,7.7151,-2.1445,7.7151,11.0000,13.0000,9.0000,0
firefox_up,64,356,21.000,-150.0000,106.8160,-1,0.0000,11.7247,0.0000,3.7055,2.4288,7.7151,-2.4288,7.7151,11.0000,13.0000,9.0000,0
firefox_up,65,356,22.000,-150.0000,108.8160,-1,0.0000,11.7247,0.0000,3.7055,2.4461,7.7151,-2.4461,7.7151,11.0000,13.0000,9.0000,0
firefox_up,66,356,23.000,-150.0000,110.7160,-1,0.0000,11.7247,0.0000,3.7055,2.0716,7.7151,-2.0716,7.7151,11.0000,13.0000,9.0000,0
firefox_up,67,356,24.000,-150.0000,112.5160,-1,0.0000,11.7247,0.0000,3.7055,2.0000,7.7151,-2.0000,7.7151,11.0000,13.0000,9.0000,0
firefox_up,68,356,25.000,-150.0000,114.2160,-1,0.0000,11.7247,0.0000,3.7055,2.0000,7.7151,-2.0000,7.7151,11.0000,13.0000,9.0000,0
firefox_up,69,356,26.000,-150.0000,115.8160,-1,0.0000,11.7247,0.0000,3.7055,2.0000,7.7151,-2.0000,7.7151,11.0000,13.0000,9.0000,0
firefox_up,70,356,27.000,-150.0000,117.3160,-1,0.0000,11.7247,0.0000,3.7055,2.0000,7.7151,-2.0000,7.7151,11.0000,13.0000,9.0000,0
firefox_up,71,356,28.000,-150.0000,118.7160,-1,0.0000,11.7247,0.0000,3.7055,2.0000,7.7151,-2.0000,7.7151,11.0000,13.0000,9.0000,0
firefox_up,72,356,29.000,-150.0000,120.0160,-1,0.0000,11.7247,0.0000,3.7055,2.0000,7.7151,-2.0000,7.7151,11.0000,13.0000,9.0000,0
firefox_up,73,358,0.000,-150.0000,121.0860,-1,0.0000,6.0007,0.0000,2.4929,4.0095,4.2468,-4.0095,4.2468,11.0000,13.0000,9.0000,0
firefox_up,74,358,1.000,-150.0000,121.9260,-1,0.0000,6.1481,0.0000,3.2165,3.1631,4.6823,-3.1631,4.6823,11.0000,13.0000,9.0000,0
firefox_up,75,358,2.000,-150.0000,122.5360,-1,0.0000,7.2878,0.0000,3.2935,2.3255,5.2906,-2.3255,5.2906,11.0000,13.0000,9.0000,0
firefox_up,76,358,3.000,-150.0000,122.9160,-1,0.0000,6.3183,0.0000,2.2706,2.0000,4.2944,-2.0000,4.2944,11.0000,13.0000,9.0000,0
firefox_up,77,358,4.000,-150.0000,123.0660,-1,0.0000,5.2757,0.0000,1.5769,2.0000,3.4263,-2.0000,3.4263,11.0000,13.0000,9.0000,0
firefox_up,78,358,5.000,-150.0000,122.9860,-1,0.0000,5.3678,0.0000,1.9082,2.0000,3.6380,-2.0000,3.6380,11.0000,13.0000,9.0000,0
firefox_up,79,358,6.000,-150.0000,122.6760,-1,0.0000,5.3533,0.0000,1.5298,2.0000,3.4415,-2.0000,3.4415,11.0000,13.0000,9.0000,0
firefox_up,80,358,7.000,-150.0000,122.1360,-1,0.0000,5.1611,0.0000,1.4531,2.0000,3.3071,-2.0000,3.3071,11.0000,13.0000,9.0000,0
firefox_up,81,358,8.000,-150.0000,121.3661,-1,0.0000,4.9797,0.0000,1.8327,2.0000,3.4062,-2.0000,3.4062,11.0000,13.0000,9.0000,0
firefox_up,82,358,9.000,-150.0000,120.3661,-1,0.0000,5.4607,0.0000,2.5418,2.0000,4.0013,-2.0000,4.0013,11.0000,13.0000,9.0000,0
firefox_up,83,358,10.000,-150.0000,119.1361,-1,0.0000,5.9932,0.0000,3.1325,2.0000,4.5628,-2.0000,4.5628,11.0000,13.0000,9.0000,0
firefox_up,84,358,11.000,-150.0000,117.6761,-1,0.0000,6.0991,0.0000,2.8045,2.0000,4.4518,-2.0000,4.4518,11.0000,13.0000,9.0000,0
firefox_up,85,358,12.000,-150.0000,115.9861,-1,0.0000,6.1085,0.0000,2.4972,2.0000,4.3029,-2.0000,4.3029,11.0000,13.0000,9.0000,0
firefox_up,86,358,13.000,-150.0000,114.0661,-1,0.0000,6.0441,0.0000,2.2882,2.0000,4.1661,-2.0000,4.1661,11.0000,13.0000,9.0000,0
firefox_up,87,358,14.000,-150.0000,111.9161,-1,0.0000,5.8958,0.0000,2.0954,2.0000,3.9956,-2.0000,3.9956,11.0000,13.0000,9.0000,0
firefox_up,88,358,15.000,-150.0000,109.5361,-1,0.0000,5.6339,0.0000,1.7683,2.0000,3.7011,-2.0000,3.7011,11.0000,13.0000,9.0000,0
firefox_up,89,358,16.000,-150.0000,106.9261,-1,0.0000,5.0363,0.0000,1.5985,2.0000,3.3174,-2.0000,3.3174,11.0000,13.0000,9.0000,0
firefox_up,90,358,17.000,-150.0000,104.1261,-1,0.0000,4.5482,0.0000,0.7914,2.0000,2.6698,-2.0000,2.6698,11.0000,13.0000,9.0000,0
firefox_up,91,358,18.000,-150.0000,101.3260,-1,0.0000,4.9247,0.0000,0.0000,2.1449,2.4624,-2.1449,2.4624,11.0000,13.0000,9.0000,0
firefox_up,92,358,19.000,-150.0000,98.5260,-1,0.0000,5.8574,0.0000,0.0000,2.7060,2.9287,-2.7060,2.9287,11.0000,13.0000,9.0000,0
firefox_up,93,35,0.000,-150.0000,95.7260,-1,0.0000,6.2044,0.0000,0.6340,2.9083,3.4192,-2.9083,3.4192,11.0000,13.0000,9.0000,0
firefox_up,94,35,1.000,-150.0000,92.9260,-1,0.0000,6.2133,0.0000,0.6445,2.8937,3.4289,-2.8937,3.4289,11.0000,13.0000,9.0000,0
firefox_up,95,35,2.000,-150.0000,90.1260,-1,0.0000,6.2194,0.0000,0.6610,2.8671,3.4402,-2.8671,3.4402,11.0000,13.0000,9.0000,0
firefox_up,96,35,3.000,-150.0000,87.3260,-1,0.0000,6.2234,0.0000,0.6791,2.8366,3.4512,-2.8366,3.4512,11.0000,13.0000,9.0000,0
firefox_up,97,35,4.000,-150.0000,84.5260,-1,0.0000,6.2228,0.0000,0.6942,2.8115,3.4585,-2.8115,3.4585,11.0000,13.0000,9.0000,0
firefox_up,98,35,5.000,-150.0000,81.7260,-1,0.0000,6.2206,0.0000,0.7018,2.8020,3.4612,-2.8020,3.4612,11.0000,13.0000,9.0000,0
firefox_up,99,35,6.000,-150.0000,78.9260,-1,0.0000,6.2215,0.0000,0.6973,2.8308,3.4594,-2.8308,3.4594,11.0000,13.0000,9.0000,0
firefox_up,100,35,7.000,-150.0000,76.1260,-1,0.0000,6.2183,0.0000,0.6762,2.8812,3.4473,-2.8812,3.4473,11.0000,13.0000,9.0000,0
firefox_up,101,35,0.000,-150.0000,73.3260,-1,0.0000,6.2044,0.0000,0.6340,2.9083,3.4192,-2.9083,3.4192,11.0000,13.0000,9.0000,0
firefox_up,102,35,1.000,-150.0000,70.5260,-1,0.0000,6.2133,0.0000,0.6445,2.8937,3.4289,-2.8937,3.4289,11.0000,13.0000,9.0000,0
firefox_up,103,35,2.000,-150.0000,67.7260,-1,0.0000,6.2194,0.0000,0.6610,2.8671,3.4402,-2.8671,3.4402,11.0000,13.0000,9.0000,0
firefox_up,104,35,3.000,-150.0000,64.9260,-1,0.0000,6.2234,0.0000,0.6791,2.8366,3.4512,-2.8366,3.4512,11.0000,13.0000,9.0000,0
firefox_up,105,35,4.000,-150.0000,62.1260,-1,0.0000,6.2228,0.0000,0.6942,2.8115,3.4585,-2.8115,3.4585,11.0000,13.0000,9.0000,0
firefox_up,106,35,5.000,-150.0000,59.3260,-1,0.0000,6.2206,0.0000,0.7018,2.8020,3.4612,-2.8020,3.4612,11.0000,13.0000,9.0000,0
firefox_up,107,35,6.000,-150.0000,56.5260,-1,0.0000,6.2215,0.0000,0.6973,2.8308,3.4594,-2.8308,3.4594,11.0000,13.0000,9.0000,0
firefox_up,108,35,7.000,-150.0000,53.7260,-1,0.0000,6.2183,0.0000,0.6762,2.8812,3.4473,-2.8812,3.4473,11.0000,13.0000,9.0000,0
firefox_up,109,35,0.000,-150.0000,50.9260,-1,0.0000,6.2044,0.0000,0.6340,2.9083,3.4192,-2.9083,3.4192,11.0000,13.0000,9.0000,0
firefox_up,110,35,1.000,-150.0000,48.1260,-1,0.0000,6.2133,0.0000,0.6445,2.8937,3.4289,-2.8937,3.4289,11.0000,13.0000,9.0000,0
firefox_up,111,35,2.000,-150.0000,45.3260,-1,0.0000,6.2194,0.0000,0.6610,2.8671,3.4402,-2.8671,3.4402,11.0000,13.0000,9.0000,0
firefox_up,112,35,3.000,-150.0000,42.5260,-1,0.0000,6.2234,0.0000,0.6791,2.8366,3.4512,-2.8366,3.4512,11.0000,13.0000,9.0000,0
firefox_up,113,35,4.000,-150.0000,39.7260,-1,0.0000,6.2228,0.0000,0.6942,2.8115,3.4585,-2.8115,3.4585,11.0000,13.0000,9.0000,0
firefox_up,114,35,5.000,-150.0000,36.9260,-1,0.0000,6.2206,0.0000,0.7018,2.8020,3.4612,-2.8020,3.4612,11.0000,13.0000,9.0000,0
firefox_up,115,35,6.000,-150.0000,34.1260,-1,0.0000,6.2215,0.0000,0.6973,2.8308,3.4594,-2.8308,3.4594,11.0000,13.0000,9.0000,0
firefox_up,116,35,7.000,-150.0000,31.3260,-1,0.0000,6.2183,0.0000,0.6762,2.8812,3.4473,-2.8812,3.4473,11.0000,13.0000,9.0000,0
firefox_up,117,35,0.000,-150.0000,28.5260,-1,0.0000,6.2044,0.0000,0.6340,2.9083,3.4192,-2.9083,3.4192,11.0000,13.0000,9.0000,0
firefox_up,118,35,1.000,-150.0000,25.7260,-1,0.0000,6.2133,0.0000,0.6445,2.8937,3.4289,-2.8937,3.4289,11.0000,13.0000,9.0000,0
firefox_up,119,35,2.000,-150.0000,22.9260,-1,0.0000,6.2194,0.0000,0.6610,2.8671,3.4402,-2.8671,3.4402,11.0000,13.0000,9.0000,0
firefox_up,120,35,3.000,-150.0000,20.1260,-1,0.0000,6.2234,0.0000,0.6791,2.8366,3.4512,-2.8366,3.4512,11.0000,13.0000,9.0000,0
firefox_up,121,35,4.000,-150.0000,17.3260,-1,0.0000,6.2228,0.0000,0.6942,2.8115,3.4585,-2.8115,3.4585,11.0000,13.0000,9.0000,0
firefox_up,122,35,5.000,-150.0000,14.5260,-1,0.0000,6.2206,0.0000,0.7018,2.8020,3.4612,-2.8020,3.4612,11.0000,13.0000,9.0000,0
firefox_up,123,35,6.000,-150.0000,11.7260,-1,0.0000,6.2215,0.0000,0.6973,2.8308,3.4594,-2.8308,3.4594,11.0000,13.0000,9.0000,0
firefox_up,124,35,7.000,-150.0000,8.9260,-1,0.0000,6.2183,0.0000,0.6762,2.8812,3.4473,-2.8812,3.4473,11.0000,13.0000,9.0000,0
firefox_up,125,35,0.000,-150.0000,6.1260,-1,0.0000,6.2044,0.0000,0.6340,2.9083,3.4192,-2.9083,3.4192,11.0000,13.0000,9.0000,0
firefox_up,126,35,1.000,-150.0000,3.3260,-1,0.0000,6.2133,0.0000,0.6445,2.8937,3.4289,-2.8937,3.4289,11.0000,13.0000,9.0000,0
firefox_up,127,35,2.000,-150.0000,0.5260,-1,0.0000,6.2194,0.0000,0.6610,2.8671,3.4402,-2.8671,3.4402,11.0000,13.0000,9.0000,0
firefox_up,128,35,3.000,-150.0000,-2.2740,-1,0.0000,6.2234,0.0000,0.6791,2.8366,3.4512,-2.8366,3.4512,11.0000,13.0000,9.0000,0
firefox_up,129,35,4.000,-150.0000,-5.0740,-1,0.0000,6.2228,0.0000,0.6942,2.8115,3.4585,-2.8115,3.4585,11.0000,13.0000,9.0000,0
firefox_up,130,35,5.000,-150.0000,-7.8740,-1,0.0000,6.2206,0.0000,0.7018,2.8020,3.4612,-2.8020,3.4612,11.0000,13.0000,9.0000,0
firefox_up,131,35,6.000,-150.0000,-10.6740,-1,0.0000,6.2215,0.0000,0.6973,2.8308,3.4594,-2.8308,3.4594,11.0000,13.0000,9.0000,0
firefox_up,132,35,7.000,-150.0000,-13.4740,-1,0.0000,6.2183,0.0000,0.6762,2.8812,3.4473,-2.8812,3.4473,11.0000,13.0000,9.0000,0
firefox_up,133,35,0.000,-150.0000,-16.2740,-1,0.0000,6.2044,0.0000,0.6340,2.9083,3.4192,-2.9083,3.4192,11.0000,13.0000,9.0000,0
firefox_up,134,35,1.000,-150.0000,-19.0740,-1,0.0000,6.2133,0.0000,0.6445,2.8937,3.4289,-2.8937,3.4289,11.0000,13.0000,9.0000,0
firefox_up,135,35,2.000,-150.0000,-21.8740,-1,0.0000,6.2194,0.0000,0.6610,2.8671,3.4402,-2.8671,3.4402,11.0000,13.0000,9.0000,0
firefox_up,136,35,3.000,-150.0000,-24.6740,-1,0.0000,6.2234,0.0000,0.6791,2.8366,3.4512,-2.8366,3.4512,11.0000,13.0000,9.0000,0
firefox_up,137,35,4.000,-150.0000,-27.4740,-1,0.0000,6.2228,0.0000,0.6942,2.8115,3.4585,-2.8115,3.4585,11.0000,13.0000,9.0000,0
firefox_up,138,35,5.000,-150.0000,-30.2740,-1,0.0000,6.2206,0.0000,0.7018,2.8020,3.4612,-2.8020,3.4612,11.0000,13.0000,9.0000,0
firefox_up,139,35,6.000,-150.0000,-33.0740,-1,0.0000,6.2215,0.0000,0.6973,2.8308,3.4594,-2.8308,3.4594,11.0000,13.0000,9.0000,0
firefox_side,0,29,1.000,-130.0800,59.7700,-1,0.0000,11.1478,0.0000,0.0000,2.0251,7.5048,-2.0251,7.5048,11.0000,13.0000,9.0000,0
firefox_side,1,354,1.000,-130.1240,59.7700,-1,0.0000,11.1009,0.0000,0.0000,2.0000,7.6836,-2.0000,7.6836,11.0000,13.0000,9.0000,0
firefox_side,2,354,2.000,-130.1480,59.7700,-1,0.0000,10.9433,0.0000,0.0000,2.0000,8.0664,-2.0000,8.0664,11.0000,13.0000,9.0000,0
firefox_side,3,354,3.000,-130.1520,59.7700,-1,0.0000,10.8538,0.0000,0.0000,2.0000,8.3310,-2.0000,8.3310,11.0000,13.0000,9.0000,0
firefox_side,4,354,4.000,-130.1520,59.7700,-1,0.0000,10.9745,0.0000,0.0000,2.0000,8.2534,-2.0000,8.2534,11.0000,13.0000,9.0000,0
firefox_side,5,354,5.000,-130.1520,59.7700,-1,0.0000,11.0800,0.0000,0.0000,2.0000,8.2148,-2.0000,8.2148,11.0000,13.0000,9.0000,0
firefox_side,6,354,6.000,-130.1520,59.7700,-1,0.0000,11.2043,0.0000,0.0000,2.0000,8.0610,-2.0000,8.0610,11.0000,13.0000,9.0000,0
firefox_side,7,354,7.000,-130.1520,59.7700,-1,0.0000,11.2795,0.0000,0.0000,2.0000,7.9105,-2.0000,7.9105,11.0000,13.0000,9.0000,0
firefox_side,8,354,8.000,-130.1520,59.7700,-1,0.0000,11.3162,0.0000,0.0000,2.0000,7.8198,-2.0000,7.8198,11.0000,13.0000,9.0000,0
firefox_side,9,354,9.000,-130.1520,59.7700,-1,0.0000,11.3322,0.0000,4.3118,2.0000,7.8220,-2.0000,7.8220,11.0000,13.0000,9.0000,0
firefox_side,10,354,10.000,-130.1520,59.7700,-1,0.0000,11.3486,0.0000,4.3556,2.0000,7.8521,-2.0000,7.8521,11.0000,13.0000,9.0000,0
firefox_side,11,354,11.000,-130.1520,59.7700,-1,0.0000,11.3663,0.0000,4.4038,2.0000,7.8850,-2.0000,7.8850,11.0000,13.0000,9.0000,0
firefox_side,12,354,12.000,-130.1520,59.7700,-1,0.0000,11.3862,0.0000,4.3840,2.0000,7.8851,-2.0000,7.8851,11.0000,13.0000,9.0000,0
firefox_side,13,354,13.000,-130.1520,59.7700,-1,0.0000,11.3968,0.0000,4.3475,2.0000,7.8721,-2.0000,7.8721,11.0000,13.0000,9.0000,0
firefox_side,14,354,14.000,-130.1520,59.7700,-1,0.0000,11.4051,0.0000,4.3285,2.0000,7.8668,-2.0000,7.8668,11.0000,13.0000,9.0000,0
firefox_side,15,354,15.000,-130.1520,59.7700,-1,0.0000,11.4236,0.0000,4.3277,2.0000,7.8756,-2.0000,7.8756,11.0000,13.0000,9.0000,0
firefox_side,16,354,16.000,-130.1520,59.7550,-1,0.0000,11.4536,0.0000,4.3439,2.0000,7.8987,-2.0000,7.8987,11.0000,13.0000,9.0000,0
firefox_side,17,354,17.000,-130.1520,59.7250,-1,0.0000,11.4740,0.0000,4.3509,2.0000,7.9124,-2.0000,7.9124,11.0000,13.0000,9.0000,0
firefox_side,18,354,18.000,-130.1520,59.6800,-1,0.0000,11.4840,0.0000,4.3406,2.0000,7.9123,-2.0000,7.9123,11.0000,13.0000,9.0000,0
firefox_side,19,354,19.000,-130.1520,59.6200,-1,0.0000,11.4804,0.0000,4.3113,2.0000,7.8959,-2.0000,7.8959,11.0000,13.0000,9.0000,0
firefox_side,20,354,20.000,-130.1520,59.5450,-1,0.0000,11.4833,0.0000,4.2935,2.0000,7.8884,-2.0000,7.8884,11.0000,13.0000,9.0000,0
firefox_side,21,354,21.000,-130.1520,59.4550,-1,0.0000,11.4834,0.0000,4.2949,2.0000,7.8892,-2.0000,7.8892,11.0000,13.0000,9.0000,0
firefox_side,22,354,22.000,-130.1520,59.3500,-1,0.0000,11.4925,0.0000,4.3103,2.0000,7.9014,-2.0000,7.9014,11.0000,13.0000,9.0000,0
firefox_side,23,354,23.000,-130.1520,59.2300,-1,0.0000,11.4868,0.0000,4.3190,2.0000,7.9029,-2.0000,7.9029,11.0000,13.0000,9.0000,0
firefox_side,24,354,24.000,-130.1520,59.0950,-1,0.0000,11.4577,0.0000,4.3132,2.0000,7.8854,-2.0000,7.8854,11.0000,13.0000,9.0000,0
firefox_side,25,354,25.000,-130.1520,58.9450,-1,0.0000,11.3909,0.0000,4.2915,2.0000,7.8412,-2.0000,7.8412,11.0000,13.0000,9.0000,0
firefox_side,26,354,26.000,-130.1520,58.7800,-1,0.0000,11.3508,0.0000,4.2772,2.0000,7.8140,-2.0000,7.8140,11.0000,13.0000,9.0000,0
firefox_side,27,354,27.000,-130.1520,58.6000,-1,0.0000,11.3526,0.0000,4.2756,2.0000,7.8141,-2.0000,7.8141,11.0000,13.0000,9.0000,0
firefox_side,28,354,28.000,-130.1520,58.4050,-1,0.0000,11.3874,0.0000,4.2828,2.0000,7.8351,-2.0000,7.8351,11.0000,13.0000,9.0000,0
firefox_side,29,354,29.000,-130.1520,58.1950,-1,0.0000,11.4015,0.0000,4.2870,2.0000,7.8442,-2.0000,7.8442,11.0000,13.0000,9.0000,0
firefox_side,30,354,30.000,-130.1520,57.9700,-1,0.0000,11.3908,0.0000,4.2813,2.0000,7.8360,-2.0000,7.8360,11.0000,13.0000,9.0000,0
firefox_side,31,354,31.000,-130.1520,57.7300,-1,0.0000,11.3487,0.0000,4.2637,2.0000,7.8062,-2.0000,7.8062,11.0000,13.0000,9.0000,0
firefox_side,32,354,32.000,-130.1520,57.4750,-1,0.0000,11.3019,0.0000,4.2542,2.0000,7.7781,-2.0000,7.7781,11.0000,13.0000,9.0000,0
firefox_side,33,354,33.000,-130.1520,57.2050,-1,0.0000,11.2513,0.0000,4.2577,2.0000,7.7545,-2.0000,7.7545,11.0000,13.0000,9.0000,0
firefox_side,34,354,34.000,-130.1520,56.9200,-1,0.0000,11.1831,0.0000,4.2834,2.0000,7.7333,-2.0000,7.7333,11.0000,13.0000,9.0000,0
firefox_side,35,354,35.000,-130.1520,56.6200,-1,0.0000,11.2351,0.0000,4.3691,2.0000,7.8021,-2.0000,7.8021,11.0000,13.0000,9.0000,0
firefox_side,36,354,36.000,-130.1520,56.3050,-1,0.0000,11.2980,0.0000,4.7948,2.0000,8.0464,-2.0000,8.0464,11.0000,13.0000,9.0000,0
firefox_side,37,354,37.000,-130.1520,55.9750,-1,0.0000,11.1404,0.0000,4.8919,2.0000,8.0161,-2.0000,8.0161,11.0000,13.0000,9.0000,0
firefox_side,38,354,38.000,-130.1520,55.6300,-1,0.0000,10.6015,0.0000,4.6715,2.0000,7.6365,-2.0000,7.6365,11.0000,13.0000,9.0000,0
firefox_side,39,354,39.000,-130.1520,55.2700,-1,0.0000,10.1667,0.0000,4.6329,2.0000,7.3998,-2.0000,7.3998,11.0000,13.0000,9.0000,0
firefox_side,40,354,40.000,-130.1520,54.8950,-1,0.0000,9.2648,0.0000,3.5745,2.0000,6.4197,-2.0000,6.4197,11.0000,13.0000,9.0000,0
firefox_side,41,354,41.000,-130.1520,54.5050,-1,0.0000,7.9545,0.0000,2.3214,2.0000,5.1379,-2.0000,5.1379,11.0000,13.0000,9.0000,0
firefox_side,42,354,42.000,-130.1520,54.1000,-1,0.0000,6.8304,0.0000,2.0470,3.4234,4.4387,-3.4234,4.4387,11.0000,13.0000,9.0000,0
firefox_side,43,356,0.000,-133.9520,54.1000,-1,0.0000,5.9997,0.0000,2.4929,4.0096,4.2463,-4.0096,4.2463,11.0000,13.0000,9.0000,0
firefox_side,44,356,1.000,-137.7520,54.1000,-1,0.0000,6.8431,0.0000,4.6764,4.0096,5.7598,-4.0096,5.7598,11.0000,13.0000,9.0000,0
firefox_side,45,356,2.000,-141.5520,54.1000,-1,0.0000,7.5275,0.0000,2.6772,4.0096,5.1023,-4.0096,5.1023,11.0000,13.0000,9.0000,0
firefox_side,46,356,3.000,-145.3520,54.1000,-1,0.0000,6.8976,0.0000,2.4097,4.0096,4.6537,-4.0096,4.6537,11.0000,13.0000,9.0000,0
firefox_side,47,356,4.000,-149.1520,54.1000,-1,0.0000,6.9111,0.0000,4.8027,4.0096,5.8569,-4.0096,5.8569,11.0000,13.0000,9.0000,0
firefox_side,48,356,5.000,-152.8520,54.1000,-1,0.0000,7.6499,0.0000,2.7170,4.0096,5.1834,-4.0096,5.1834,11.0000,13.0000,9.0000,0
firefox_side,49,356,6.000,-156.4520,54.1000,-1,0.0000,5.5229,0.0000,2.6754,4.0096,4.0992,-4.0096,4.0992,11.0000,13.0000,9.0000,0
firefox_side,50,356,7.000,-159.9520,54.1000,-1,0.0000,7.9997,0.0000,3.3311,4.0096,5.6654,-4.0096,5.6654,11.0000,13.0000,9.0000,0
firefox_side,51,356,8.000,-163.3520,54.1000,-1,0.0000,8.2501,0.0000,4.6761,4.0096,6.4631,-4.0096,6.4631,11.0000,13.0000,9.0000,0
firefox_side,52,356,9.000,-166.6520,54.1000,-1,0.0000,7.3831,0.0000,2.7358,4.0096,5.0595,-4.0096,5.0595,11.0000,13.0000,9.0000,0
firefox_side,53,356,10.000,-169.8520,54.1000,-1,0.0000,5.6026,0.0000,2.6390,4.0096,4.1208,-4.0096,4.1208,11.0000,13.0000,9.0000,0
firefox_side,54,356,11.000,-172.9520,54.1000,-1,0.0000,8.0339,0.0000,3.0932,4.0096,5.5635,-4.0096,5.5635,11.0000,13.0000,9.0000,0
firefox_side,55,356,12.000,-175.9520,54.1000,-1,0.0000,7.1313,0.0000,5.0036,4.0096,6.0674,-4.0096,6.0674,11.0000,13.0000,9.0000,0
firefox_side,56,356,13.000,-178.8520,54.1000,-1,0.0000,8.2454,0.0000,3.5373,4.0096,5.8914,-4.0096,5.8914,11.0000,13.0000,9.0000,0
firefox_side,57,356,14.000,-181.6520,54.1000,-1,0.0000,7.3211,0.0000,2.7713,4.0096,5.0462,-4.0096,5.0462,11.0000,13.0000,9.0000,0
firefox_side,58,356,15.000,-184.3520,54.1000,-1,0.0000,5.3727,0.0000,3.2515,4.0096,4.3121,-4.0096,4.3121,11.0000,13.0000,9.0000,0
firefox_side,59,356,16.000,-186.9520,54.1000,-1,0.0000,7.0075,0.0000,2.4295,4.0096,4.7185,-4.0096,4.7185,11.0000,13.0000,9.0000,0
firefox_side,60,356,17.000,-189.4520,54.1000,-1,0.0000,8.0526,0.0000,3.1254,4.0096,5.5890,-4.0096,5.5890,11.0000,13.0000,9.0000,0
firefox_side,61,356,18.000,-191.8520,54.1000,-1,0.0000,7.3684,0.0000,4.1401,4.0096,5.7543,-4.0096,5.7543,11.0000,13.0000,9.0000,0
firefox_side,62,356,19.000,-194.1520,54.1000,-1,0.0000,7.7702,0.0000,5.7047,4.0096,6.7374,-4.0096,6.7374,11.0000,13.0000,9.0000,0
firefox_side,63,356,20.000,-196.3520,54.1000,-1,0.0000,8.3353,0.0000,4.0463,4.0096,6.1908,-4.0096,6.1908,11.0000,13.0000,9.0000,0
firefox_side,64,356,21.000,-198.4520,54.1000,-1,0.0000,7.8454,0.0000,2.9878,4.0096,5.4166,-4.0096,5.4166,11.0000,13.0000,9.0000,0
firefox_side,65,356,22.000,-200.4520,54.1000,-1,0.0000,7.5641,0.0000,2.6719,4.0096,5.1180,-4.0096,5.1180,11.0000,13.0000,9.0000,0
firefox_side,66,356,23.000,-202.3520,54.1000,-1,0.0000,7.0812,0.0000,2.9379,4.0096,5.0096,-4.0096,5.0096,11.0000,13.0000,9.0000,0
firefox_side,67,356,24.000,-204.1520,54.1000,-1,0.0000,6.4104,0.0000,3.5277,4.0096,4.9690,-4.0096,4.9690,11.0000,13.0000,9.0000,0
firefox_side,68,356,25.000,-205.8520,54.1000,-1,0.0000,5.7385,0.0000,3.6116,4.0096,4.6750,-4.0096,4.6750,11.0000,13.0000,9.0000,0
firefox_side,69,356,26.000,-207.4520,54.1000,-1,0.0000,5.1689,0.0000,3.0744,4.0096,4.1216,-4.0096,4.1216,11.0000,13.0000,9.0000,0
firefox_side,70,356,27.000,-208.9520,54.1000,-1,0.0000,5.3590,0.0000,2.7574,4.0096,4.0582,-4.0096,4.0582,11.0000,13.0000,9.0000,0
firefox_side,71,356,28.000,-210.3520,54.1000,-1,0.0000,5.7179,0.0000,2.5905,4.0096,4.1542,-4.0096,4.1542,11.0000,13.0000,9.0000,0
firefox_side,72,356,29.000,-211.6520,54.1000,-1,0.0000,5.9270,0.0000,2.5152,4.0096,4.2211,-4.0096,4.2211,11.0000,13.0000,9.0000,0
firefox_side,73,358,0.000,-212.9320,53.8700,-1,0.0000,6.0007,0.0000,2.4929,4.0095,4.2468,-4.0095,4.2468,11.0000,13.0000,9.0000,0
firefox_side,74,358,1.000,-214.1920,53.4100,-1,0.0000,6.1481,0.0000,3.2165,3.1631,4.6823,-3.1631,4.6823,11.0000,13.0000,9.0000,0
firefox_side,75,358,2.000,-215.4320,52.7200,-1,0.0000,7.2878,0.0000,3.2935,2.3255,5.2906,-2.3255,5.2906,11.0000,13.0000,9.0000,0
firefox_side,76,358,3.000,-216.6520,51.8000,-1,0.0000,6.3183,0.0000,2.2706,2.0000,4.2944,-2.0000,4.2944,11.0000,13.0000,9.0000,0
firefox_side,77,358,4.000,-217.8520,50.6500,-1,0.0000,5.2757,0.0000,1.5769,2.0000,3.4263,-2.0000,3.4263,11.0000,13.0000,9.0000,0
firefox_side,78,358,5.000,-219.0320,49.2700,-1,0.0000,5.3678,0.0000,1.9083,2.0000,3.6380,-2.0000,3.6380,11.0000,13.0000,9.0000,0
firefox_side,79,358,6.000,-220.1920,47.6600,-1,0.0000,5.3533,0.0000,1.5298,2.0000,3.4415,-2.0000,3.4415,11.0000,13.0000,9.0000,0
firefox_side,80,358,7.000,-221.3320,45.8200,-1,0.0000,5.1611,0.0000,1.4531,2.0000,3.3071,-2.0000,3.3071,11.0000,13.0000,9.0000,0
firefox_side,81,358,8.000,-222.4520,43.7500,-1,0.0000,4.9797,0.0000,1.8327,2.0000,3.4062,-2.0000,3.4062,11.0000,13.0000,9.0000,0
firefox_side,82,358,9.000,-223.5520,41.4500,-1,0.0000,5.4607,0.0000,2.5419,2.0000,4.0013,-2.0000,4.0013,11.0000,13.0000,9.0000,0
firefox_side,83,358,10.000,-224.6320,38.9200,-1,0.0000,5.9932,0.0000,3.1325,2.0000,4.5628,-2.0000,4.5628,11.0000,13.0000,9.0000,0
firefox_side,84,358,11.000,-225.6920,36.1600,-1,0.0000,6.0991,0.0000,2.8045,2.0000,4.4518,-2.0000,4.4518,11.0000,13.0000,9.0000,0
firefox_side,85,358,12.000,-226.7320,33.3600,-1,0.0000,6.1085,0.0000,2.4972,2.0000,4.3029,-2.0000,4.3029,11.0000,13.0000,9.0000,0
firefox_side,86,358,13.000,-227.7520,30.5600,-1,0.0000,6.0441,0.0000,2.2882,2.0000,4.1661,-2.0000,4.1661,11.0000,13.0000,9.0000,0
firefox_side,87,358,14.000,-228.7520,27.7600,-1,0.0000,5.8958,0.0000,2.0954,2.0000,3.9956,-2.0000,3.9956,11.0000,13.0000,9.0000,0
firefox_side,88,358,15.000,-229.7320,24.9600,-1,0.0000,5.6338,0.0000,1.7683,2.0000,3.7011,-2.0000,3.7011,11.0000,13.0000,9.0000,0
firefox_side,89,358,16.000,-230.6920,22.1600,-1,0.0000,5.0363,0.0000,1.5985,2.0000,3.3174,-2.0000,3.3174,11.0000,13.0000,9.0000,0
firefox_side,90,358,17.000,-231.6320,19.3600,-1,0.0000,4.5482,0.0000,0.7914,2.0000,2.6698,-2.0000,2.6698,11.0000,13.0000,9.0000,0
firefox_side,91,358,18.000,-232.5520,16.5600,-1,0.0000,4.9247,0.0000,0.0000,2.1449,2.4623,-2.1449,2.4623,11.0000,13.0000,9.0000,0
firefox_side,92,358,19.000,-233.4520,13.7600,-1,0.0000,5.8574,0.0000,0.0000,2.7060,2.9287,-2.7060,2.9287,11.0000,13.0000,9.0000,0
firefox_side,93,35,0.000,-234.3320,10.9600,-1,0.0000,6.2044,0.0000,0.6340,2.9083,3.4192,-2.9083,3.4192,11.0000,13.0000,9.0000,0
firefox_side,94,35,1.000,-235.1920,8.1600,-1,0.0000,5.9618,0.0000,1.6289,3.3303,3.7953,-3.3303,3.7953,11.0000,13.0000,9.0000,0
firefox_side,95,35,2.000,-236.0320,5.3600,-1,0.0000,5.9714,0.0000,1.6846,3.3138,3.8280,-3.3138,3.8280,11.0000,13.0000,9.0000,0
firefox_side,96,35,3.000,-236.8620,2.5600,-1,0.0000,5.9247,0.0000,1.9172,3.3617,3.9209,-3.3617,3.9209,11.0000,13.0000,9.0000,0
firefox_side,97,35,4.000,-237.6920,-0.2400,-1,0.0000,5.9000,0.0000,2.0375,3.3864,3.9687,-3.3864,3.9687,11.0000,13.0000,9.0000,0
firefox_side,98,35,5.000,-238.5220,-3.0400,-1,0.0000,5.8837,0.0000,2.0740,3.4116,3.9788,-3.4116,3.9788,11.0000,13.0000,9.0000,0
firefox_side,99,35,6.000,-239.3520,-5.8400,-1,0.0000,5.8661,0.0000,2.0252,3.4381,3.9456,-3.4381,3.9456,11.0000,13.0000,9.0000,0
firefox_side,100,35,7.000,-240.1820,-8.6400,-1,0.0000,5.8404,0.0000,1.8840,3.4499,3.8622,-3.4499,3.8622,11.0000,13.0000,9.0000,0
firefox_side,101,35,0.000,-241.0120,-11.4400,-1,0.0000,5.8493,0.0000,1.9644,3.4464,3.9068,-3.4464,3.9068,11.0000,13.0000,9.0000,0
firefox_side,102,35,1.000,-241.8420,-14.2400,-1,0.0000,5.8577,0.0000,2.0176,3.4377,3.9377,-3.4377,3.9377,11.0000,13.0000,9.0000,0
firefox_side,103,35,2.000,-242.6720,-17.0400,-1,0.0000,5.8646,0.0000,2.0726,3.4273,3.9686,-3.4273,3.9686,11.0000,13.0000,9.0000,0
firefox_side,104,35,3.000,-243.5020,-19.8400,-1,0.0000,5.8697,0.0000,2.1171,3.4187,3.9934,-3.4187,3.9934,11.0000,13.0000,9.0000,0
firefox_side,105,35,4.000,-244.3320,-22.6400,-1,0.0000,5.8722,0.0000,2.1385,3.4156,4.0053,-3.4156,4.0053,11.0000,13.0000,9.0000,0
firefox_side,106,35,5.000,-245.1620,-25.4400,-1,0.0000,5.8696,0.0000,2.1239,3.4268,3.9967,-3.4268,3.9967,11.0000,13.0000,9.0000,0
firefox_side,107,35,6.000,-245.9921,-28.2400,-1,0.0000,5.8588,0.0000,2.0422,3.4455,3.9505,-3.4455,3.9505,11.0000,13.0000,9.0000,0
firefox_side,108,1,-1.000,-246.8221,-31.0400,-1,0.0000,5.8588,0.0000,2.0422,3.4455,3.9505,-3.4455,3.9505,11.0000,13.0000,9.0000,0
firefox_side,109,1,-1.000,-246.8221,-31.0400,-1,0.0000,5.8588,0.0000,2.0422,3.4455,3.9505,-3.4455,3.9505,11.0000,13.0000,9.0000,0
firefox_side,110,1,-1.000,-246.8221,-31.0400,-1,0.0000,5.8588,0.0000,2.0422,3.4455,3.9505,-3.4455,3.9505,11.0000,13.0000,9.0000,0
firefox_side,111,1,-1.000,-246.8221,-31.0400,-1,0.0000,5.8588,0.0000,2.0422,3.4455,3.9505,-3.4455,3.9505,11.0000,13.0000,9.0000,0
firefox_side,112,1,-1.000,-246.8221,-31.0400,-1,0.0000,5.8588,0.0000,2.0422,3.4455,3.9505,-3.4455,3.9505,11.0000,13.0000,9.0000,0
firefox_side,113,1,-1.000,-246.8221,-31.0400,-1,0.0000,5.8588,0.0000,2.0422,3.4455,3.9505,-3.4455,3.9505,11.0000,13.0000,9.0000,0
firefox_side,114,1,-1.000,-246.8221,-31.0400,-1,0.0000,5.8588,0.0000,2.0422,3.4455,3.9505,-3.4455,3.9505,11.0000,13.0000,9.0000,0
firefox_side,115,1,-1.000,-246.8221,-31.0400,-1,0.0000,5.8588,0.0000,2.0422,3.4455,3.9505,-3.4455,3.9505,11.0000,13.0000,9.0000,0
firefox_side,116,1,-1.000,-246.8221,-31.0400,-1,0.0000,5.8588,0.0000,2.0422,3.4455,3.9505,-3.4455,3.9505,11.0000,13.0000,9.0000,0
firefox_side,117,1,-1.000,-246.8221,-31.0400,-1,0.0000,5.8588,0.0000,2.0422,3.4455,3.9505,-3.4455,3.9505,11.0000,13.0000,9.0000,0
firefox_side,118,1,-1.000,-246.8221,-31.0400,-1,0.0000,5.8588,0.0000,2.0422,3.4455,3.9505,-3.4455,3.9505,11.0000,13.0000,9.0000,0
firefox_side,119,1,-1.000,-246.8221,-31.0400,-1,0.0000,5.8588,0.0000,2.0422,3.4455,3.9505,-3.4455,3.9505,11.0000,13.0000,9.0000,0
firefox_side,120,1,-1.000,-246.8221,-31.0400,-1,0.0000,5.8588,0.0000,2.0422,3.4455,3.9505,-3.4455,3.9505,11.0000,13.0000,9.0000,0
firefox_side,121,1,-1.000,-246.8221,-31.0400,-1,0.0000,5.8588,0.0000,2.0422,3.4455,3.9505,-3.4455,3.9505,11.0000,13.0000,9.0000,0
firefox_side,122,1,-1.000,-246.8221,-31.0400,-1,0.0000,5.8588,0.0000,2.0422,3.4455,3.9505,-3.4455,3.9505,11.0000,13.0000,9.0000,0
firefox_side,123,1,-1.000,-246.8221,-31.0400,-1,0.0000,5.8588,0.0000,2.0422,3.4455,3.9505,-3.4455,3.9505,11.0000,13.0000,9.0000,0
firefox_side,124,1,-1.000,-246.8221,-31.0400,-1,0.0000,5.8588,0.0000,2.0422,3.4455,3.9505,-3.4455,3.9505,11.0000,13.0000,9.0000,0
firefox_side,125,1,-1.000,-246.8221,-31.0400,-1,0.0000,5.8588,0.0000,2.0422,3.4455,3.9505,-3.4455,3.9505,11.0000,13.0000,9.0000,0
firefox_side,126,1,-1.000,-246.8221,-31.0400,-1,0.0000,5.8588,0.0000,2.0422,3.4455,3.9505,-3.4455,3.9505,11.0000,13.0000,9.0000,0
firefox_side,127,1,-1.000,-246.8221,-31.0400,-1,0.0000,5.8588,0.0000,2.0422,3.4455,3.9505,-3.4455,3.9505,11.0000,13.0000,9.0000,0
firefox_side,128,1,-1.000,-246.8221,-31.0400,-1,0.0000,5.8588,0.0000,2.0422,3.4455,3.9505,-3.4455,3.9505,11.0000,13.0000,9.0000,0
firefox_side,129,1,-1.000,-246.8221,-31.0400,-1,0.0000,5.8588,0.0000,2.0422,3.4455,3.9505,-3.4455,3.9505,11.0000,13.0000,9.0000,0
firefox_side,130,1,-1.000,-246.8221,-31.0400,-1,0.0000,5.8588,0.0000,2.0422,3.4455,3.9505,-3.4455,3.9505,11.0000,13.0000,9.0000,0
firefox_side,131,1,-1.000,-246.8221,-31.0400,-1,0.0000,5.8588,0.0000,2.0422,3.4455,3.9505,-3.4455,3.9505,11.0000,13.0000,9.0000,0
firefox_side,132,1,-1.000,-246.8221,-31.0400,-1,0.0000,5.8588,0.0000,2.0422,3.4455,3.9505,-3.4455,3.9505,11.0000,13.0000,9.0000,0
firefox_side,133,1,-1.000,-246.8221,-31.0400,-1,0.0000,5.8588,0.0000,2.0422,3.4455,3.9505,-3.4455,3.9505,11.0000,13.0000,9.0000,0
firefox_side,134,1,-1.000,-246.8221,-31.0400,-1,0.0000,5.8588,0.0000,2.0422,3.4455,3.9505,-3.4455,3.9505,11.0000,13.0000,9.0000,0
firefox_side,135,1,-1.000,-246.8221,-31.0400,-1,0.0000,5.8588,0.0000,2.0422,3.4455,3.9505,-3.4455,3.9505,11.0000,13.0000,9.0000,0
firefox_side,136,1,-1.000,-246.8221,-31.0400,-1,0.0000,5.8588,0.0000,2.0422,3.4455,3.9505,-3.4455,3.9505,11.0000,13.0000,9.0000,0
firefox_side,137,1,-1.000,-246.8221,-31.0400,-1,0.0000,5.8588,0.0000,2.0422,3.4455,3.9505,-3.4455,3.9505,11.0000,13.0000,9.0000,0
firefox_side,138,1,-1.000,-246.8221,-31.0400,-1,0.0000,5.8588,0.0000,2.0422,3.4455,3.9505,-3.4455,3.9505,11.0000,13.0000,9.0000,0
firefox_side,139,1,-1.000,-246.8221,-31.0400,-1,0.0000,5.8588,0.0000,2.0422,3.4455,3.9505,-3.4455,3.9505,11.0000,13.0000,9.0000,0
firefox_diag,0,27,0.000,-130.6100,44.1860,-1,0.0000,11.1504,0.0000,0.0000,2.0331,7.5039,-2.0331,7.5039,11.0000,13.0000,9.0000,0
firefox_diag,1,354,1.000,-131.0780,44.1860,-1,0.0000,11.1009,0.0000,0.0000,2.0000,7.6836,-2.0000,7.6836,11.0000,13.0000,9.0000,0
firefox_diag,2,354,2.000,-131.5260,44.1860,-1,0.0000,10.9433,0.0000,0.0000,2.0000,8.0664,-2.0000,8.0664,11.0000,13.0000,9.0000,0
firefox_diag,3,354,3.000,-131.9540,44.1860,-1,0.0000,10.8538,0.0000,0.0000,2.0000,8.3310,-2.0000,8.3310,11.0000,13.0000,9.0000,0
firefox_diag,4,354,4.000,-132.3620,44.1860,-1,0.0000,10.9745,0.0000,0.0000,2.0000,8.2534,-2.0000,8.2534,11.0000,13.0000,9.0000,0
firefox_diag,5,354,5.000,-132.7500,44.1860,-1,0.0000,11.0800,0.0000,0.0000,2.0000,8.2148,-2.0000,8.2148,11.0000,13.0000,9.0000,0
firefox_diag,6,354,6.000,-133.1180,44.1860,-1,0.0000,11.2043,0.0000,0.0000,2.0000,8.0610,-2.0000,8.0610,11.0000,13.0000,9.0000,0
firefox_diag,7,354,7.000,-133.4660,44.1860,-1,0.0000,11.2795,0.0000,0.0000,2.0000,7.9105,-2.0000,7.9105,11.0000,13.0000,9.0000,0
firefox_diag,8,354,8.000,-133.7941,44.1860,-1,0.0000,11.3163,0.0000,0.0000,2.0000,7.8199,-2.0000,7.8199,11.0000,13.0000,9.0000,0
firefox_diag,9,354,9.000,-134.1021,44.1860,-1,0.0000,11.3322,0.0000,4.3118,2.0000,7.8220,-2.0000,7.8220,11.0000,13.0000,9.0000,0
firefox_diag,10,354,10.000,-134.3900,44.1860,-1,0.0000,11.3486,0.0000,4.3556,2.0000,7.8521,-2.0000,7.8521,11.0000,13.0000,9.0000,0
firefox_diag,11,354,11.000,-134.6581,44.1860,-1,0.0000,11.3663,0.0000,4.4038,2.0000,7.8850,-2.0000,7.8850,11.0000,13.0000,9.0000,0
firefox_diag,12,354,12.000,-134.9061,44.1860,-1,0.0000,11.3862,0.0000,4.3840,2.0000,7.8851,-2.0000,7.8851,11.0000,13.0000,9.0000,0
firefox_diag,13,354,13.000,-135.1340,44.1860,-1,0.0000,11.3968,0.0000,4.3475,2.0000,7.8721,-2.0000,7.8721,11.0000,13.0000,9.0000,0
firefox_diag,14,354,14.000,-135.3420,44.1860,-1,0.0000,11.4051,0.0000,4.3285,2.0000,7.8668,-2.0000,7.8668,11.0000,13.0000,9.0000,0
firefox_diag,15,354,15.000,-135.5300,44.1860,-1,0.0000,11.4236,0.0000,4.3277,2.0000,7.8757,-2.0000,7.8757,11.0000,13.0000,9.0000,0
firefox_diag,16,354,16.000,-135.6980,44.1710,-1,0.0000,11.4536,0.0000,4.3439,2.0000,7.8987,-2.0000,7.8987,11.0000,13.0000,9.0000,0
firefox_diag,17,354,17.000,-135.8460,44.1410,-1,0.0000,11.4740,0.0000,4.3509,2.0000,7.9124,-2.0000,7.9124,11.0000,13.0000,9.0000,0
firefox_diag,18,354,18.000,-135.9740,44.0960,-1,0.0000,11.4840,0.0000,4.3407,2.0000,7.9123,-2.0000,7.9123,11.0000,13.0000,9.0000,0
firefox_diag,19,354,19.000,-136.0820,44.0360,-1,0.0000,11.4804,0.0000,4.3113,2.0000,7.8959,-2.0000,7.8959,11.0000,13.0000,9.0000,0
firefox_diag,20,354,20.000,-136.1700,43.9610,-1,0.0000,11.4833,0.0000,4.2935,2.0000,7.8884,-2.0000,7.8884,11.0000,13.0000,9.0000,0
firefox_diag,21,354,21.000,-136.2380,43.8710,-1,0.0000,11.4834,0.0000,4.2949,2.0000,7.8892,-2.0000,7.8892,11.0000,13.0000,9.0000,0
firefox_diag,22,354,22.000,-136.2860,43.7660,-1,0.0000,11.4925,0.0000,4.3103,2.0000,7.9014,-2.0000,7.9014,11.0000,13.0000,9.0000,0
firefox_diag,23,354,23.000,-136.3140,43.6460,-1,0.0000,11.4868,0.0000,4.3190,2.0000,7.9029,-2.0000,7.9029,11.0000,13.0000,9.0000,0
firefox_diag,24,354,24.000,-136.3220,43.5110,-1,0.0000,11.4577,0.0000,4.3132,2.0000,7.8854,-2.0000,7.8854,11.0000,13.0000,9.0000,0
firefox_diag,25,354,25.000,-136.3220,43.3610,-1,0.0000,11.3909,0.0000,4.2915,2.0000,7.8412,-2.0000,7.8412,11.0000,13.0000,9.0000,0
firefox_diag,26,354,26.000,-136.3220,43.1960,-1,0.0000,11.3508,0.0000,4.2772,2.0000,7.8140,-2.0000,7.8140,11.0000,13.0000,9.0000,0
firefox_diag,27,354,27.000,-136.3220,43.0160,-1,0.0000,11.3526,0.0000,4.2757,2.0000,7.8141,-2.0000,7.8141,11.0000,13.0000,9.0000,0
firefox_diag,28,354,28.000,-136.3220,42.8210,-1,0.0000,11.3874,0.0000,4.2828,2.0000,7.8351,-2.0000,7.8351,11.0000,13.0000,9.0000,0
firefox_diag,29,354,29.000,-136.3220,42.6110,-1,0.0000,11.4015,0.0000,4.2870,2.0000,7.8443,-2.0000,7.8443,11.0000,13.0000,9.0000,0
firefox_diag,30,354,30.000,-136.3220,42.3860,-1,0.0000,11.3908,0.0000,4.2813,2.0000,7.8360,-2.0000,7.8360,11.0000,13.0000,9.0000,0
firefox_diag,31,354,31.000,-136.3220,42.1460,-1,0.0000,11.3487,0.0000,4.2637,2.0000,7.8062,-2.0000,7.8062,11.0000,13.0000,9.0000,0
firefox_diag,32,354,32.000,-136.3220,41.8910,-1,0.0000,11.3019,0.0000,4.2542,2.0000,7.7781,-2.0000,7.7781,11.0000,13.0000,9.0000,0
firefox_diag,33,354,33.000,-136.3220,41.6210,-1,0.0000,11.2513,0.0000,4.2577,2.0000,7.7545,-2.0000,7.7545,11.0000,13.0000,9.0000,0
firefox_diag,34,354,34.000,-136.3220,41.3360,-1,0.0000,11.1831,0.0000,4.2834,2.0000,7.7333,-2.0000,7.7333,11.0000,13.0000,9.0000,0
firefox_diag,35,354,35.000,-136.3220,41.0360,-1,0.0000,11.2351,0.0000,4.3691,2.0000,7.8021,-2.0000,7.8021,11.0000,13.0000,9.0000,0
firefox_diag,36,354,36.000,-136.3220,40.7210,-1,0.0000,11.2980,0.0000,4.7948,2.0000,8.0464,-2.0000,8.0464,11.0000,13.0000,9.0000,0
firefox_diag,37,354,37.000,-136.3220,40.3910,-1,0.0000,11.1404,0.0000,4.8919,2.0000,8.0161,-2.0000,8.0161,11.0000,13.0000,9.0000,0
firefox_diag,38,354,38.000,-136.3220,40.0460,-1,0.0000,10.6015,0.0000,4.6715,2.0000,7.6365,-2.0000,7.6365,11.0000,13.0000,9.0000,0
firefox_diag,39,354,39.000,-136.3220,39.6860,-1,0.0000,10.1667,0.0000,4.6329,2.0000,7.3998,-2.0000,7.3998,11.0000,13.0000,9.0000,0
firefox_diag,40,354,40.000,-136.3220,39.3110,-1,0.0000,9.2648,0.0000,3.5745,2.0000,6.4197,-2.0000,6.4197,11.0000,13.0000,9.0000,0
firefox_diag,41,354,41.000,-136.3220,38.9210,-1,0.0000,7.9545,0.0000,2.3214,2.0000,5.1379,-2.0000,5.1379,11.0000,13.0000,9.0000,0
firefox_diag,42,354,42.000,-136.3220,38.5160,-1,0.0000,6.8304,0.0000,2.0470,3.4234,4.4387,-3.4234,4.4387,11.0000,13.0000,9.0000,0
firefox_diag,43,356,0.000,-139.0090,41.2030,-1,0.0000,8.5537,0.0000,2.2116,2.7645,5.3827,-2.7645,5.3827,11.0000,13.0000,9.0000,0
firefox_diag,44,356,1.000,-141.6961,43.8900,-1,0.0000,8.9940,0.0000,3.9305,3.1387,6.4623,-3.1387,6.4623,11.0000,13.0000,9.0000,0
firefox_diag,45,356,2.000,-144.3831,46.5770,-1,0.0000,8.9136,0.0000,2.4162,3.1295,5.6649,-3.1295,5.6649,11.0000,13.0000,9.0000,0
firefox_diag,46,356,3.000,-147.0701,49.2640,-1,0.0000,8.8001,0.0000,2.1528,2.8948,5.4765,-2.8948,5.4765,11.0000,13.0000,9.0000,0
firefox_diag,47,356,4.000,-149.7571,51.9510,-1,0.0000,9.0003,0.0000,3.9146,3.1275,6.4574,-3.1275,6.4574,11.0000,13.0000,9.0000,0
firefox_diag,48,356,5.000,-152.3734,54.5673,-1,0.0000,9.0001,0.0000,2.5598,3.3355,5.7800,-3.3355,5.7800,11.0000,13.0000,9.0000,0
firefox_diag,49,356,6.000,-154.9190,57.1129,-1,0.0000,8.5441,0.0000,2.3407,2.7034,5.4424,-2.7034,5.4424,11.0000,13.0000,9.0000,0
firefox_diag,50,356,7.000,-157.3938,59.5878,-1,0.0000,9.5794,0.0000,3.6350,3.2344,6.6072,-3.2344,6.6072,11.0000,13.0000,9.0000,0
firefox_diag,51,356,8.000,-159.7980,61.9920,-1,0.0000,9.0110,0.0000,3.4679,3.1770,6.2395,-3.1770,6.2395,11.0000,13.0000,9.0000,0
firefox_diag,52,356,9.000,-162.1315,64.3254,-1,0.0000,8.8115,0.0000,2.3475,2.9565,5.5795,-2.9565,5.5795,11.0000,13.0000,9.0000,0
firefox_diag,53,356,10.000,-164.3942,66.5881,-1,0.0000,8.5452,0.0000,2.3150,2.7133,5.4301,-2.7133,5.4301,11.0000,13.0000,9.0000,0
firefox_diag,54,356,11.000,-166.5862,68.7802,-1,0.0000,9.6035,0.0000,3.0063,3.2321,6.3049,-3.2321,6.3049,11.0000,13.0000,9.0000,0
firefox_diag,55,356,12.000,-168.7076,70.9015,-1,0.0000,9.0088,0.0000,3.8844,3.1082,6.4466,-3.1082,6.4466,11.0000,13.0000,9.0000,0
firefox_diag,56,356,13.000,-170.7582,72.9521,-1,0.0000,8.9476,0.0000,3.0614,3.4015,6.0045,-3.4015,6.0045,11.0000,13.0000,9.0000,0
firefox_diag,57,356,14.000,-172.7381,74.9320,-1,0.0000,8.7677,0.0000,2.3278,2.8890,5.5477,-2.8890,5.5477,11.0000,13.0000,9.0000,0
firefox_diag,58,356,15.000,-174.6473,76.8412,-1,0.0000,8.5471,0.0000,2.4073,2.6006,5.4772,-2.6006,5.4772,11.0000,13.0000,9.0000,0
firefox_diag,59,356,16.000,-176.4857,78.6797,-1,0.0000,8.8778,0.0000,2.1668,2.9124,5.5223,-2.9124,5.5223,11.0000,13.0000,9.0000,0
firefox_diag,60,356,17.000,-178.2535,80.4474,-1,0.0000,9.6168,0.0000,3.1389,3.2436,6.3778,-3.2436,6.3778,11.0000,13.0000,9.0000,0
firefox_diag,61,356,18.000,-179.9506,82.1445,-1,0.0000,9.1330,0.0000,3.9688,3.1762,6.5509,-3.1762,6.5509,11.0000,13.0000,9.0000,0
firefox_diag,62,356,19.000,-181.5769,83.7708,-1,0.0000,9.0240,0.0000,3.7358,3.0263,6.3799,-3.0263,6.3799,11.0000,13.0000,9.0000,0
firefox_diag,63,356,20.000,-183.1325,85.3265,-1,0.0000,8.9840,0.0000,3.2614,3.2533,6.1227,-3.2533,6.1227,11.0000,13.0000,9.0000,0
firefox_diag,64,356,21.000,-184.6175,86.8114,-1,0.0000,8.9709,0.0000,2.7825,3.4544,5.8767,-3.4544,5.8767,11.0000,13.0000,9.0000,0
firefox_diag,65,356,22.000,-186.0317,88.2256,-1,0.0000,8.9395,0.0000,2.4427,3.1797,5.6911,-3.1797,5.6911,11.0000,13.0000,9.0000,0
firefox_diag,66,356,23.000,-187.3752,89.5691,-1,0.0000,8.6626,0.0000,2.2798,2.7428,5.4712,-2.7428,5.4712,11.0000,13.0000,9.0000,0
firefox_diag,67,356,24.000,-188.6480,90.8419,-1,0.0000,8.5950,0.0000,2.2635,2.5262,5.4292,-2.5262,5.4292,11.0000,13.0000,9.0000,0
firefox_diag,68,356,25.000,-189.8501,92.0440,-1,0.0000,8.5580,0.0000,2.3388,2.5608,5.4484,-2.5608,5.4484,11.0000,13.0000,9.0000,0
firefox_diag,69,356,26.000,-190.9814,93.1754,-1,0.0000,8.5436,0.0000,2.4533,2.6253,5.4985,-2.6253,5.4985,11.0000,13.0000,9.0000,0
firefox_diag,70,356,27.000,-192.0421,94.2360,-1,0.0000,8.5426,0.0000,2.3987,2.6835,5.4706,-2.6835,5.4706,11.0000,13.0000,9.0000,0
firefox_diag,71,356,28.000,-193.0320,95.2260,-1,0.0000,8.5471,0.0000,2.2807,2.7278,5.4139,-2.7278,5.4139,11.0000,13.0000,9.0000,0
firefox_diag,72,356,29.000,-193.9513,96.1452,-1,0.0000,8.5517,0.0000,2.2274,2.7549,5.3896,-2.7549,5.3896,11.0000,13.0000,9.0000,0
firefox_diag,73,358,0.000,-194.8505,96.8345,-1,0.0000,6.0007,0.0000,2.4929,4.0095,4.2468,-4.0095,4.2468,11.0000,13.0000,9.0000,0
firefox_diag,74,358,1.000,-195.7298,97.2937,-1,0.0000,6.1481,0.0000,3.2165,3.1631,4.6823,-3.1631,4.6823,11.0000,13.0000,9.0000,0
firefox_diag,75,358,2.000,-196.5890,97.5229,-1,0.0000,7.2878,0.0000,3.2935,2.3255,5.2906,-2.3255,5.2906,11.0000,13.0000,9.0000,0
firefox_diag,76,358,3.000,-197.4282,97.5222,-1,0.0000,6.3183,0.0000,2.2706,2.0000,4.2944,-2.0000,4.2944,11.0000,13.0000,9.0000,0
firefox_diag,77,358,4.000,-198.2475,97.2914,-1,0.0000,5.2757,0.0000,1.5769,2.0000,3.4263,-2.0000,3.4263,11.0000,13.0000,9.0000,0
firefox_diag,78,358,5.000,-199.0467,96.8307,-1,0.0000,5.3678,0.0000,1.9082,2.0000,3.6380,-2.0000,3.6380,11.0000,13.0000,9.0000,0
firefox_diag,79,358,6.000,-199.8260,96.1399,-1,0.0000,5.3533,0.0000,1.5298,2.0000,3.4415,-2.0000,3.4415,11.0000,13.0000,9.0000,0
firefox_diag,80,358,7.000,-200.5852,95.2191,-1,0.0000,5.1611,0.0000,1.4531,2.0000,3.3071,-2.0000,3.3071,11.0000,13.0000,9.0000,0
firefox_diag,81,358,8.000,-201.3244,94.0684,-1,0.0000,4.9797,0.0000,1.8327,2.0000,3.4062,-2.0000,3.4062,11.0000,13.0000,9.0000,0
firefox_diag,82,358,9.000,-202.0437,92.6876,-1,0.0000,5.4607,0.0000,2.5419,2.0000,4.0013,-2.0000,4.0013,11.0000,13.0000,9.0000,0
firefox_diag,83,358,10.000,-202.7429,91.0769,-1,0.0000,5.9932,0.0000,3.1325,2.0000,4.5628,-2.0000,4.5628,11.0000,13.0000,9.0000,0
firefox_diag,84,358,11.000,-203.4222,89.2361,-1,0.0000,6.0991,0.0000,2.8045,2.0000,4.4518,-2.0000,4.4518,11.0000,13.0000,9.0000,0
firefox_diag,85,358,12.000,-204.0814,87.1653,-1,0.0000,6.1085,0.0000,2.4972,2.0000,4.3029,-2.0000,4.3029,11.0000,13.0000,9.0000,0
firefox_diag,86,358,13.000,-204.7206,84.8646,-1,0.0000,6.0441,0.0000,2.2882,2.0000,4.1661,-2.0000,4.1661,11.0000,13.0000,9.0000,0
firefox_diag,87,358,14.000,-205.3399,82.3338,-1,0.0000,5.8958,0.0000,2.0954,2.0000,3.9956,-2.0000,3.9956,11.0000,13.0000,9.0000,0
firefox_diag,88,358,15.000,-205.9391,79.5731,-1,0.0000,5.6339,0.0000,1.7683,2.0000,3.7011,-2.0000,3.7011,11.0000,13.0000,9.0000,0
firefox_diag,89,358,16.000,-206.5201,76.7731,-1,0.0000,5.0363,0.0000,1.5985,2.0000,3.3174,-2.0000,3.3174,11.0000,13.0000,9.0000,0
firefox_diag,90,358,17.000,-207.1011,73.9731,-1,0.0000,4.5482,0.0000,0.7914,2.0000,2.6698,-2.0000,2.6698,11.0000,13.0000,9.0000,0
firefox_diag,91,358,18.000,-207.6821,71.1730,-1,0.0000,4.9247,0.0000,0.0000,2.1449,2.4624,-2.1449,2.4624,11.0000,13.0000,9.0000,0
firefox_diag,92,358,19.000,-208.2631,68.3730,-1,0.0000,5.8574,0.0000,0.0000,2.7060,2.9287,-2.7060,2.9287,11.0000,13.0000,9.0000,0
firefox_diag,93,35,0.000,-208.8441,65.5730,-1,0.0000,6.2044,0.0000,0.6340,2.9083,3.4192,-2.9083,3.4192,11.0000,13.0000,9.0000,0
firefox_diag,94,35,1.000,-209.4251,62.7730,-1,0.0000,6.0375,0.0000,1.3495,3.2314,3.6935,-3.2314,3.6935,11.0000,13.0000,9.0000,0
firefox_diag,95,35,2.000,-210.0061,59.9730,-1,0.0000,6.0667,0.0000,1.3162,3.1813,3.6915,-3.1813,3.6915,11.0000,13.0000,9.0000,0
firefox_diag,96,35,3.000,-210.5871,57.1730,-1,0.0000,6.0418,0.0000,1.4684,3.2097,3.7551,-3.2097,3.7551,11.0000,13.0000,9.0000,0
firefox_diag,97,35,4.000,-211.1681,54.3730,-1,0.0000,6.0281,0.0000,1.5489,3.2213,3.7885,-3.2213,3.7885,11.0000,13.0000,9.0000,0
firefox_diag,98,35,5.000,-211.7491,51.5730,-1,0.0000,6.0185,0.0000,1.5738,3.2365,3.7961,-3.2365,3.7961,11.0000,13.0000,9.0000,0
firefox_diag,99,35,6.000,-212.3300,48.7730,-1,0.0000,6.0083,0.0000,1.5473,3.2640,3.7778,-3.2640,3.7778,11.0000,13.0000,9.0000,0
firefox_diag,100,35,7.000,-212.9110,45.9730,-1,0.0000,5.9909,0.0000,1.4677,3.2873,3.7293,-3.2873,3.7293,11.0000,13.0000,9.0000,0
firefox_diag,101,35,0.000,-213.4920,43.1730,-1,0.0000,5.9883,0.0000,1.4796,3.2964,3.7339,-3.2964,3.7339,11.0000,13.0000,9.0000,0
firefox_diag,102,35,1.000,-214.0730,40.3731,-1,0.0000,5.9975,0.0000,1.5173,3.2866,3.7574,-3.2866,3.7574,11.0000,13.0000,9.0000,0
firefox_diag,103,35,2.000,-214.6540,37.5731,-1,0.0000,6.0048,0.0000,1.5583,3.2713,3.7815,-3.2713,3.7815,11.0000,13.0000,9.0000,0
firefox_diag,104,35,3.000,-215.2350,34.7731,-1,0.0000,6.0101,0.0000,1.5930,3.2555,3.8016,-3.2555,3.8016,11.0000,13.0000,9.0000,0
firefox_diag,105,35,4.000,-215.8160,31.9731,-1,0.0000,6.0123,0.0000,1.6118,3.2449,3.8120,-3.2449,3.8120,11.0000,13.0000,9.0000,0
firefox_diag,106,35,5.000,-216.3970,29.1731,-1,0.0000,6.0105,0.0000,1.6048,3.2487,3.8076,-3.2487,3.8076,11.0000,13.0000,9.0000,0
firefox_diag,107,35,6.000,-216.9780,26.3731,-1,0.0000,6.0041,0.0000,1.5622,3.2700,3.7832,-3.2700,3.7832,11.0000,13.0000,9.0000,0
firefox_diag,108,35,7.000,-217.5590,23.5731,-1,0.0000,5.9887,0.0000,1.4746,3.2900,3.7317,-3.2900,3.7317,11.0000,13.0000,9.0000,0
firefox_diag,109,35,0.000,-218.1400,20.7731,-1,0.0000,5.9872,0.0000,1.4832,3.2977,3.7352,-3.2977,3.7352,11.0000,13.0000,9.0000,0
firefox_diag,110,35,1.000,-218.7210,17.9731,-1,0.0000,5.9969,0.0000,1.5192,3.2873,3.7581,-3.2873,3.7581,11.0000,13.0000,9.0000,0
firefox_diag,111,35,2.000,-219.3020,15.1731,-1,0.0000,6.0045,0.0000,1.5592,3.2716,3.7819,-3.2716,3.7819,11.0000,13.0000,9.0000,0
firefox_diag,112,35,3.000,-219.8830,12.3731,-1,0.0000,6.0100,0.0000,1.5935,3.2556,3.8018,-3.2556,3.8018,11.0000,13.0000,9.0000,0
firefox_diag,113,35,4.000,-220.4640,9.5731,-1,0.0000,6.0122,0.0000,1.6121,3.2450,3.8121,-3.2450,3.8121,11.0000,13.0000,9.0000,0
firefox_diag,114,35,5.000,-221.0450,6.7731,-1,0.0000,6.0104,0.0000,1.6049,3.2488,3.8077,-3.2488,3.8077,11.0000,13.0000,9.0000,0
firefox_diag,115,35,6.000,-221.6259,3.9731,-1,0.0000,6.0041,0.0000,1.5623,3.2700,3.7832,-3.2700,3.7832,11.0000,13.0000,9.0000,0
firefox_diag,116,35,7.000,-222.2069,1.1731,-1,0.0000,5.9887,0.0000,1.4746,3.2901,3.7317,-3.2901,3.7317,11.0000,13.0000,9.0000,0
firefox_diag,117,35,0.000,-222.7879,-1.6269,-1,0.0000,5.9872,0.0000,1.4832,3.2977,3.7352,-3.2977,3.7352,11.0000,13.0000,9.0000,0
firefox_diag,118,35,1.000,-223.3689,-4.4269,-1,0.0000,5.9969,0.0000,1.5192,3.2873,3.7581,-3.2873,3.7581,11.0000,13.0000,9.0000,0
firefox_diag,119,35,2.000,-223.9499,-7.2269,-1,0.0000,6.0045,0.0000,1.5592,3.2716,3.7819,-3.2716,3.7819,11.0000,13.0000,9.0000,0
firefox_diag,120,35,3.000,-224.5309,-10.0269,-1,0.0000,6.0100,0.0000,1.5935,3.2556,3.8018,-3.2556,3.8018,11.0000,13.0000,9.0000,0
firefox_diag,121,35,4.000,-225.1119,-12.8269,-1,0.0000,6.0122,0.0000,1.6121,3.2450,3.8121,-3.2450,3.8121,11.0000,13.0000,9.0000,0
firefox_diag,122,35,5.000,-225.6929,-15.6269,-1,0.0000,6.0104,0.0000,1.6049,3.2488,3.8077,-3.2488,3.8077,11.0000,13.0000,9.0000,0
firefox_diag,123,35,6.000,-226.2739,-18.4269,-1,0.0000,6.0041,0.0000,1.5623,3.2700,3.7832,-3.2700,3.7832,11.0000,13.0000,9.0000,0
firefox_diag,124,35,7.000,-226.8549,-21.2269,-1,0.0000,5.9887,0.0000,1.4746,3.2901,3.7317,-3.2901,3.7317,11.0000,13.0000,9.0000,0
firefox_diag,125,35,0.000,-227.4359,-24.0269,-1,0.0000,5.9872,0.0000,1.4832,3.2977,3.7352,-3.2977,3.7352,11.0000,13.0000,9.0000,0
firefox_diag,126,35,1.000,-228.0169,-26.8269,-1,0.0000,5.9969,0.0000,1.5192,3.2873,3.7581,-3.2873,3.7581,11.0000,13.0000,9.0000,0
firefox_diag,127,35,2.000,-228.5979,-29.6269,-1,0.0000,6.0045,0.0000,1.5592,3.2716,3.7819,-3.2716,3.7819,11.0000,13.0000,9.0000,0
firefox_diag,128,35,3.000,-229.1789,-32.4269,-1,0.0000,6.0100,0.0000,1.5935,3.2556,3.8018,-3.2556,3.8018,11.0000,13.0000,9.0000,0
firefox_diag,129,35,4.000,-229.7599,-35.2269,-1,0.0000,6.0122,0.0000,1.6121,3.2450,3.8121,-3.2450,3.8121,11.0000,13.0000,9.0000,0
firefox_diag,130,35,5.000,-230.3409,-38.0269,-1,0.0000,6.0104,0.0000,1.6049,3.2488,3.8077,-3.2488,3.8077,11.0000,13.0000,9.0000,0
firefox_diag,131,35,6.000,-230.9218,-40.8269,-1,0.0000,6.0041,0.0000,1.5623,3.2700,3.7832,-3.2700,3.7832,11.0000,13.0000,9.0000,0
firefox_diag,132,35,7.000,-231.5028,-43.6269,-1,0.0000,5.9887,0.0000,1.4746,3.2901,3.7317,-3.2901,3.7317,11.0000,13.0000,9.0000,0
firefox_diag,133,35,0.000,-232.0838,-46.4269,-1,0.0000,5.9872,0.0000,1.4832,3.2977,3.7352,-3.2977,3.7352,11.0000,13.0000,9.0000,0
firefox_diag,134,35,1.000,-232.6648,-49.2269,-1,0.0000,5.9969,0.0000,1.5192,3.2873,3.7581,-3.2873,3.7581,11.0000,13.0000,9.0000,0
firefox_diag,135,35,2.000,-233.2458,-52.0269,-1,0.0000,6.0045,0.0000,1.5592,3.2716,3.7819,-3.2716,3.7819,11.0000,13.0000,9.0000,0
firefox_diag,136,35,3.000,-233.8268,-54.8269,-1,0.0000,6.0100,0.0000,1.5935,3.2556,3.8018,-3.2556,3.8018,11.0000,13.0000,9.0000,0
firefox_diag,137,35,4.000,-234.4078,-57.6269,-1,0.0000,6.0122,0.0000,1.6121,3.2450,3.8121,-3.2450,3.8121,11.0000,13.0000,9.0000,0
firefox_diag,138,35,5.000,-234.9888,-60.4269,-1,0.0000,6.0104,0.0000,1.6049,3.2488,3.8077,-3.2488,3.8077,11.0000,13.0000,9.0000,0
firefox_diag,139,35,6.000,-235.5698,-63.2269,-1,0.0000,6.0041,0.0000,1.5623,3.2700,3.7832,-3.2700,3.7832,11.0000,13.0000,9.0000,0
illusion,0,29,1.000,-120.0000,59.7700,-1,0.0000,11.1478,0.0000,0.0000,2.0251,7.5048,-2.0251,7.5048,11.0000,13.0000,9.0000,0
illusion,1,350,1.000,-120.0000,59.7700,-1,0.0000,10.4746,0.0000,0.0000,2.0000,6.9904,-2.0000,6.9904,11.0000,13.0000,9.0000,0
illusion,2,350,2.000,-120.0000,59.7700,-1,0.0000,9.5739,0.0000,0.0000,2.3048,6.1990,-2.3048,6.1990,11.0000,13.0000,9.0000,0
illusion,3,350,3.000,-120.0000,59.7700,-1,0.0000,8.5235,0.0000,0.0000,2.4346,5.3052,-2.4346,5.3052,11.0000,13.0000,9.0000,0
illusion,4,350,4.000,-120.0000,59.7700,-1,0.0000,7.5711,0.0000,0.0000,2.2825,4.4673,-2.2825,4.4673,11.0000,13.0000,9.0000,0
illusion,5,350,5.000,-120.0000,59.7700,-1,0.0000,7.4421,0.0000,0.0000,2.3351,4.4004,-2.3351,4.4004,11.0000,13.0000,9.0000,0
illusion,6,350,6.000,-120.0000,59.7700,-1,0.0000,7.4379,0.0000,0.0000,2.3478,4.4060,-2.3478,4.4060,11.0000,13.0000,9.0000,0
illusion,7,350,7.000,-120.0000,59.7700,-1,0.0000,7.4370,0.0000,0.0000,2.3576,4.4122,-2.3576,4.4122,11.0000,13.0000,9.0000,0
illusion,8,350,8.000,-120.0000,59.7700,-1,0.0000,7.4391,0.0000,0.0000,2.3647,4.4188,-2.3647,4.4188,11.0000,13.0000,9.0000,0
illusion,9,350,9.000,-120.0000,59.7700,-1,0.0000,7.4438,0.0000,1.4077,2.3693,4.4258,-2.3693,4.4258,11.0000,13.0000,9.0000,0
illusion,10,350,10.000,-120.0000,59.7700,-1,0.0000,7.4508,0.0000,1.4152,2.3717,4.4330,-2.3717,4.4330,11.0000,13.0000,9.0000,0
illusion,11,350,11.000,-120.0000,59.7700,-1,0.0000,7.4598,0.0000,1.4214,2.3721,4.4406,-2.3721,4.4406,11.0000,13.0000,9.0000,0
illusion,12,350,12.000,-120.0000,59.7700,-1,0.0000,7.4703,0.0000,1.4265,2.3708,4.4484,-2.3708,4.4484,11.0000,13.0000,9.0000,0
illusion,13,350,13.000,-120.0000,59.7700,-1,0.0000,7.4820,0.0000,1.4307,2.3679,4.4563,-2.3679,4.4563,11.0000,13.0000,9.0000,0
illusion,14,350,14.000,-120.0000,59.7700,-1,0.0000,7.4946,0.0000,1.4343,2.3637,4.4644,-2.3637,4.4644,11.0000,13.0000,9.0000,0
illusion,15,350,15.000,-120.0000,59.7700,-1,0.0000,7.5077,0.0000,1.4376,2.3585,4.4726,-2.3585,4.4726,11.0000,13.0000,9.0000,0
illusion,16,350,16.000,-120.0000,59.7533,-1,0.0000,7.5209,0.0000,1.4408,2.3524,4.4809,-2.3524,4.4809,11.0000,13.0000,9.0000,0
illusion,17,350,17.000,-120.0000,59.7200,-1,0.0000,8.7288,0.0000,1.9767,2.1614,5.3527,-2.1614,5.3527,11.0000,13.0000,9.0000,0
illusion,18,350,18.000,-120.0000,59.6700,-1,0.0000,8.9291,0.0000,2.5428,2.0000,5.7359,-2.0000,5.7359,11.0000,13.0000,9.0000,0
illusion,19,350,19.000,-120.0000,59.6033,-1,0.0000,8.4598,0.0000,1.4554,2.0000,4.9576,-2.0000,4.9576,11.0000,13.0000,9.0000,0
illusion,20,351,0.000,-120.0000,59.6033,-1,0.0000,8.4817,0.0000,2.5632,3.0233,5.5224,-3.0233,5.5224,11.0000,13.0000,9.0000,0
illusion,21,351,1.000,-138.7200,59.6033,-1,0.0000,8.4817,0.0000,2.5180,3.0019,5.4998,-3.0019,5.4998,11.0000,13.0000,9.0000,0
illusion,22,351,2.000,-157.4399,59.6033,-1,0.0000,8.4817,0.0000,2.4744,2.9805,5.4781,-2.9805,5.4781,11.0000,13.0000,9.0000,0
illusion,23,351,3.000,-176.1599,59.6033,-1,0.0000,8.4817,0.0000,2.4326,2.9590,5.4571,-2.9590,5.4571,11.0000,13.0000,9.0000,0
illusion,24,352,0.000,-178.0899,59.6033,-1,0.0000,8.4818,0.0000,2.5633,3.0233,5.5225,-3.0233,5.5225,11.0000,13.0000,9.0000,0
illusion,25,352,1.000,-179.9499,59.6033,-1,0.0000,8.9327,0.0000,4.7820,3.6409,6.8573,-3.6409,6.8573,11.0000,13.0000,9.0000,0
illusion,26,352,2.000,-181.7399,59.6033,-1,0.0000,8.6610,0.0000,4.8557,3.6964,6.7584,-3.6964,6.7584,11.0000,13.0000,9.0000,0
illusion,27,352,3.000,-183.4599,59.6033,-1,0.0000,8.4296,0.0000,4.8145,3.7037,6.6221,-3.7037,6.6221,11.0000,13.0000,9.0000,0
illusion,28,352,4.000,-185.1099,59.6033,-1,0.0000,8.3196,0.0000,4.7058,3.7000,6.5127,-3.7000,6.5127,11.0000,13.0000,9.0000,0
illusion,29,352,5.000,-186.6899,59.5233,-1,0.0000,8.3097,0.0000,4.5779,3.6942,6.4438,-3.6942,6.4438,11.0000,13.0000,9.0000,0
illusion,30,352,6.000,-188.1999,59.3633,-1,0.0000,8.3633,0.0000,4.4788,3.6913,6.4211,-3.6913,6.4211,11.0000,13.0000,9.0000,0
illusion,31,352,7.000,-189.6399,59.1233,-1,0.0000,8.4442,0.0000,4.4100,3.6911,6.4271,-3.6911,6.4271,11.0000,13.0000,9.0000,0
illusion,32,352,8.000,-191.0099,58.8033,-1,0.0000,8.5221,0.0000,4.3408,3.6896,6.4315,-3.6896,6.4315,11.0000,13.0000,9.0000,0
illusion,33,352,9.000,-192.3099,58.4033,-1,0.0000,8.5712,0.0000,4.2693,3.6859,6.4202,-3.6859,6.4202,11.0000,13.0000,9.0000,0
illusion,34,352,10.000,-193.5399,57.9233,-1,0.0000,8.5966,0.0000,4.1940,3.6832,6.3953,-3.6832,6.3953,11.0000,13.0000,9.0000,0
illusion,35,352,11.000,-194.6999,57.3633,-1,0.0000,8.6190,0.0000,4.1133,3.6836,6.3661,-3.6836,6.3661,11.0000,13.0000,9.0000,0
illusion,36,352,12.000,-195.7899,56.7233,-1,0.0000,8.6412,0.0000,4.0260,3.6846,6.3336,-3.6846,6.3336,11.0000,13.0000,9.0000,0
illusion,37,352,13.000,-196.8099,56.0033,-1,0.0000,8.6631,0.0000,3.9312,3.6852,6.2972,-3.6852,6.2972,11.0000,13.0000,9.0000,0
illusion,38,352,14.000,-197.7599,55.2033,-1,0.0000,8.6831,0.0000,3.8283,3.6851,6.2557,-3.6851,6.2557,11.0000,13.0000,9.0000,0
illusion,39,352,15.000,-198.6399,54.3233,-1,0.0000,8.6992,0.0000,3.7167,3.6843,6.2080,-3.6843,6.2080,11.0000,13.0000,9.0000,0
illusion,40,352,16.000,-199.4499,53.3633,-1,0.0000,8.7089,0.0000,3.5966,3.6827,6.1528,-3.6827,6.1528,11.0000,13.0000,9.0000,0
illusion,41,352,17.000,-200.1899,52.3233,-1,0.0000,8.7094,0.0000,3.4686,3.6801,6.0890,-3.6801,6.0890,11.0000,13.0000,9.0000,0
illusion,42,352,18.000,-200.8599,51.2033,-1,0.0000,8.6974,0.0000,3.3335,3.6765,6.0155,-3.6765,6.0155,11.0000,13.0000,9.0000,0
illusion,43,352,19.000,-201.4599,50.0033,-1,0.0000,8.6693,0.0000,3.1933,3.6716,5.9313,-3.6716,5.9313,11.0000,13.0000,9.0000,0
illusion,44,352,20.000,-201.9899,48.7233,-1,0.0000,8.6211,0.0000,3.0504,3.6653,5.8357,-3.6653,5.8357,11.0000,13.0000,9.0000,0
illusion,45,352,21.000,-202.4499,47.3633,-1,0.0000,8.5487,0.0000,2.9082,3.6574,5.7285,-3.6574,5.7285,11.0000,13.0000,9.0000,0
illusion,46,352,22.000,-202.8399,45.9233,-1,0.0000,8.4480,0.0000,2.7716,3.6478,5.6098,-3.6478,5.6098,11.0000,13.0000,9.0000,0
illusion,47,352,23.000,-203.1599,44.4033,-1,0.0000,8.3151,0.0000,2.6466,3.6361,5.4808,-3.6361,5.4808,11.0000,13.0000,9.0000,0
illusion,48,352,24.000,-203.4099,42.8033,-1,0.0000,8.1471,0.0000,2.5410,3.6222,5.3440,-3.6222,5.3440,11.0000,13.0000,9.0000,0
illusion,49,352,25.000,-203.5899,41.1233,-1,0.0000,7.9422,0.0000,2.4644,3.6079,5.2033,-3.6079,5.2033,11.0000,13.0000,9.0000,0
illusion,50,352,26.000,-203.6999,39.3633,-1,0.0000,7.8909,0.0000,2.9489,3.4496,5.4199,-3.4496,5.4199,11.0000,13.0000,9.0000,0
illusion,51,352,27.000,-203.7399,37.5233,-1,0.0000,7.9340,0.0000,3.3700,3.3091,5.6520,-3.3091,5.6520,11.0000,13.0000,9.0000,0
illusion,52,352,28.000,-203.7399,35.6033,-1,0.0000,10.1192,0.0000,4.3403,3.2584,7.2298,-3.2584,7.2298,11.0000,13.0000,9.0000,0
illusion,53,352,29.000,-203.7399,33.6033,-1,0.0000,9.6434,0.0000,4.5477,3.3217,7.0956,-3.3217,7.0956,11.0000,13.0000,9.0000,0
illusion,54,352,30.000,-203.7399,31.5233,-1,0.0000,8.0319,0.0000,5.6929,3.2760,6.8624,-3.2760,6.8624,11.0000,13.0000,9.0000,0
illusion,55,352,31.000,-203.7399,29.3633,-1,0.0000,8.8179,0.0000,5.9713,3.1447,7.3946,-3.1447,7.3946,11.0000,13.0000,9.0000,0
illusion,56,352,32.000,-203.7399,27.1233,-1,0.0000,9.0946,0.0000,4.7214,3.1937,6.9080,-3.1937,6.9080,11.0000,13.0000,9.0000,0
illusion,57,352,33.000,-203.7399,24.8033,-1,0.0000,9.2899,0.0000,4.7392,3.2118,7.0145,-3.2118,7.0145,11.0000,13.0000,9.0000,0
illusion,58,352,34.000,-203.7399,22.4033,-1,0.0000,9.1692,0.0000,5.6089,3.4166,7.3891,-3.4166,7.3891,11.0000,13.0000,9.0000,0
illusion,59,352,35.000,-203.7399,19.9233,-1,0.0000,9.5284,0.0000,4.5850,3.1743,7.0567,-3.1743,7.0567,11.0000,13.0000,9.0000,0
illusion,60,352,36.000,-203.7399,17.3633,-1,0.0000,9.6277,0.0000,3.4668,3.0968,6.5473,-3.0968,6.5473,11.0000,13.0000,9.0000,0
illusion,61,352,37.000,-203.7399,14.7233,-1,0.0000,9.3700,0.0000,2.7486,3.0802,6.0593,-3.0802,6.0593,11.0000,13.0000,9.0000,0
illusion,62,352,38.000,-203.7399,12.0033,-1,0.0000,8.1453,0.0000,1.8162,3.0668,4.9807,-3.0668,4.9807,11.0000,13.0000,9.0000,0
illusion,63,352,39.000,-203.7399,9.2033,-1,0.0000,6.7716,0.0000,1.0006,3.0198,3.8861,-3.0198,3.8861,11.0000,13.0000,9.0000,0
illusion,64,35,0.000,-203.7399,6.4033,-1,0.0000,6.2044,0.0000,0.6340,2.9083,3.4192,-2.9083,3.4192,11.0000,13.0000,9.0000,0
illusion,65,35,1.000,-203.7399,3.6033,-1,0.0000,6.2133,0.0000,0.6445,2.8937,3.4289,-2.8937,3.4289,11.0000,13.0000,9.0000,0
illusion,66,35,2.000,-203.7399,0.8033,-1,0.0000,6.2194,0.0000,0.6610,2.8671,3.4402,-2.8671,3.4402,11.0000,13.0000,9.0000,0
illusion,67,35,3.000,-203.7399,-1.9967,-1,0.0000,6.2234,0.0000,0.6791,2.8366,3.4512,-2.8366,3.4512,11.0000,13.0000,9.0000,0
illusion,68,35,4.000,-203.7399,-4.7967,-1,0.0000,6.2228,0.0000,0.6942,2.8115,3.4585,-2.8115,3.4585,11.0000,13.0000,9.0000,0
illusion,69,35,5.000,-203.7399,-7.5967,-1,0.0000,6.2206,0.0000,0.7018,2.8020,3.4612,-2.8020,3.4612,11.0000,13.0000,9.0000,0
illusion,70,35,6.000,-203.7399,-10.3967,-1,0.0000,6.2215,0.0000,0.6973,2.8308,3.4594,-2.8308,3.4594,11.0000,13.0000,9.0000,0
illusion,71,35,7.000,-203.7399,-13.1967,-1,0.0000,6.2183,0.0000,0.6762,2.8812,3.4473,-2.8812,3.4473,11.0000,13.0000,9.0000,0
illusion,72,35,0.000,-203.7399,-15.9967,-1,0.0000,6.2044,0.0000,0.6340,2.9083,3.4192,-2.9083,3.4192,11.0000,13.0000,9.0000,0
illusion,73,35,1.000,-203.7399,-18.7967,-1,0.0000,6.2133,0.0000,0.6445,2.8937,3.4289,-2.8937,3.4289,11.0000,13.0000,9.0000,0
illusion,74,35,2.000,-203.7399,-21.5967,-1,0.0000,6.2194,0.0000,0.6610,2.8671,3.4402,-2.8671,3.4402,11.0000,13.0000,9.0000,0
illusion,75,35,3.000,-203.7399,-24.3967,-1,0.0000,6.2234,0.0000,0.6791,2.8366,3.4512,-2.8366,3.4512,11.0000,13.0000,9.0000,0
illusion,76,35,4.000,-203.7399,-27.1967,-1,0.0000,6.2228,0.0000,0.6942,2.8115,3.4585,-2.8115,3.4585,11.0000,13.0000,9.0000,0
illusion,77,35,5.000,-203.7399,-29.9967,-1,0.0000,6.2206,0.0000,0.7018,2.8020,3.4612,-2.8020,3.4612,11.0000,13.0000,9.0000,0
illusion,78,35,6.000,-203.7399,-32.7967,-1,0.0000,6.2215,0.0000,0.6973,2.8308,3.4594,-2.8308,3.4594,11.0000,13.0000,9.0000,0
illusion,79,35,7.000,-203.7399,-35.5967,-1,0.0000,6.2183,0.0000,0.6762,2.8812,3.4472,-2.8812,3.4472,11.0000,13.0000,9.0000,0
illusion,80,35,0.000,-203.7399,-38.3967,-1,0.0000,6.2044,0.0000,0.6340,2.9083,3.4192,-2.9083,3.4192,11.0000,13.0000,9.0000,0
illusion,81,35,1.000,-203.7399,-41.1967,-1,0.0000,6.2133,0.0000,0.6445,2.8937,3.4289,-2.8937,3.4289,11.0000,13.0000,9.0000,0
illusion,82,35,2.000,-203.7399,-43.9967,-1,0.0000,6.2194,0.0000,0.6610,2.8671,3.4402,-2.8671,3.4402,11.0000,13.0000,9.0000,0
illusion,83,35,3.000,-203.7399,-46.7966,-1,0.0000,6.2234,0.0000,0.6791,2.8366,3.4512,-2.8366,3.4512,11.0000,13.0000,9.0000,0
illusion,84,35,4.000,-203.7399,-49.5966,-1,0.0000,6.2228,0.0000,0.6942,2.8115,3.4585,-2.8115,3.4585,11.0000,13.0000,9.0000,0
illusion,85,35,5.000,-203.7399,-52.3966,-1,0.0000,6.2206,0.0000,0.7018,2.8020,3.4612,-2.8020,3.4612,11.0000,13.0000,9.0000,0
illusion,86,35,6.000,-203.7399,-55.1966,-1,0.0000,6.2215,0.0000,0.6973,2.8308,3.4594,-2.8308,3.4594,11.0000,13.0000,9.0000,0
illusion,87,35,7.000,-203.7399,-57.9966,-1,0.0000,6.2183,0.0000,0.6762,2.8812,3.4473,-2.8812,3.4473,11.0000,13.0000,9.0000,0
illusion,88,35,0.000,-203.7399,-60.7966,-1,0.0000,6.2044,0.0000,0.6340,2.9083,3.4192,-2.9083,3.4192,11.0000,13.0000,9.0000,0
illusion,89,35,1.000,-203.7399,-63.5966,-1,0.0000,6.2133,0.0000,0.6445,2.8937,3.4289,-2.8937,3.4289,11.0000,13.0000,9.0000,0
airdodge_side,0,29,1.000,-150.0000,59.7700,-1,0.0000,11.1478,0.0000,0.0000,2.0251,7.5048,-2.0251,7.5048,11.0000,13.0000,9.0000,0
airdodge_side,1,236,1.000,-152.7900,59.7700,-1,0.0000,11.0977,0.0000,0.0000,2.1646,7.5111,-2.1646,7.5111,11.0000,13.0000,9.0000,0
airdodge_side,2,236,2.000,-155.3010,59.7700,-1,0.0000,11.0092,0.0000,0.0000,2.1140,7.6697,-2.1140,7.6697,11.0000,13.0000,9.0000,0
airdodge_side,3,236,3.000,-157.5609,59.7700,-1,0.0000,10.8692,0.0000,0.0000,2.4170,7.8207,-2.4170,7.8207,11.0000,13.0000,9.0000,0
airdodge_side,4,236,4.000,-159.5948,59.7700,-1,0.0000,11.2420,0.0000,0.0000,3.1353,8.2152,-3.1353,8.2152,11.0000,13.0000,9.0000,0
airdodge_side,5,236,5.000,-161.4253,59.7700,-1,0.0000,11.2856,0.0000,0.0000,2.6521,8.3389,-2.6521,8.3389,11.0000,13.0000,9.0000,0
airdodge_side,6,236,6.000,-163.0728,59.7700,-1,0.0000,11.2796,0.0000,0.0000,2.6982,8.3751,-2.6982,8.3751,11.0000,13.0000,9.0000,0
airdodge_side,7,236,7.000,-164.5555,59.7700,-1,0.0000,11.2875,0.0000,0.0000,2.7693,8.4245,-2.7693,8.4245,11.0000,13.0000,9.0000,0
airdodge_side,8,236,8.000,-165.8900,59.7700,-1,0.0000,11.2981,0.0000,0.0000,2.8455,8.4830,-2.8455,8.4830,11.0000,13.0000,9.0000,0
airdodge_side,9,236,9.000,-167.0910,59.7700,-1,0.0000,11.3077,0.0000,5.7924,2.9234,8.5501,-2.9234,8.5501,11.0000,13.0000,9.0000,0
airdodge_side,10,236,10.000,-168.1719,59.7700,-1,0.0000,11.3136,0.0000,5.9367,3.0001,8.6252,-3.0001,8.6252,11.0000,13.0000,9.0000,0
airdodge_side,11,236,11.000,-169.1447,59.7700,-1,0.0000,11.3160,0.0000,6.1012,3.0728,8.7086,-3.0728,8.7086,11.0000,13.0000,9.0000,0
airdodge_side,12,236,12.000,-170.0202,59.7700,-1,0.0000,11.3157,0.0000,6.2849,3.1383,8.8003,-3.1383,8.8003,11.0000,13.0000,9.0000,0
airdodge_side,13,236,13.000,-170.8082,59.7700,-1,0.0000,11.3123,0.0000,6.4856,3.1940,8.8989,-3.1940,8.8989,11.0000,13.0000,9.0000,0
airdodge_side,14,236,14.000,-171.5174,59.7700,-1,0.0000,11.3055,0.0000,6.6995,3.2378,9.0025,-3.2378,9.0025,11.0000,13.0000,9.0000,0
airdodge_side,15,236,15.000,-172.1556,59.7700,-1,0.0000,11.2948,0.0000,6.8998,3.2686,9.0973,-3.2686,9.0973,11.0000,13.0000,9.0000,0
airdodge_side,16,236,16.000,-172.7301,59.7700,-1,0.0000,11.2800,0.0000,6.8096,3.2856,9.0448,-3.2856,9.0448,11.0000,13.0000,9.0000,0
airdodge_side,17,236,17.000,-173.2471,59.7700,-1,0.0000,11.2609,0.0000,6.7188,3.2892,8.9898,-3.2892,8.9898,11.0000,13.0000,9.0000,0
airdodge_side,18,236,18.000,-173.7123,59.7700,-1,0.0000,11.2372,0.0000,6.6286,3.2804,8.9329,-3.2804,8.9329,11.0000,13.0000,9.0000,0
airdodge_side,19,236,19.000,-174.1311,59.7700,-1,0.0000,11.2089,0.0000,6.5400,3.2607,8.8745,-3.2607,8.8745,11.0000,13.0000,9.0000,0
airdodge_side,20,236,20.000,-174.5080,59.7700,-1,0.0000,11.1761,0.0000,6.4539,3.2634,8.8150,-3.2634,8.8150,11.0000,13.0000,9.0000,0
airdodge_side,21,236,21.000,-174.8472,59.7700,-1,0.0000,11.1390,0.0000,6.3714,3.2919,8.7552,-3.2919,8.7552,11.0000,13.0000,9.0000,0
airdodge_side,22,236,22.000,-175.1525,59.7700,-1,0.0000,11.0977,0.0000,6.2932,3.3195,8.6955,-3.3195,8.6955,11.0000,13.0000,9.0000,0
airdodge_side,23,236,23.000,-175.4272,59.7700,-1,0.0000,11.0527,0.0000,6.2203,3.3446,8.6365,-3.3446,8.6365,11.0000,13.0000,9.0000,0
airdodge_side,24,236,24.000,-175.6745,59.7700,-1,0.0000,11.0045,0.0000,6.1535,3.3673,8.5790,-3.3673,8.5790,11.0000,13.0000,9.0000,0
airdodge_side,25,236,25.000,-175.8970,59.7700,-1,0.0000,10.9535,0.0000,6.0935,3.3762,8.5235,-3.3762,8.5235,11.0000,13.0000,9.0000,0
airdodge_side,26,236,26.000,-176.0973,59.7700,-1,0.0000,11.3426,0.0000,5.5647,3.3627,8.4537,-3.3627,8.4537,11.0000,13.0000,9.0000,0
airdodge_side,27,236,27.000,-176.2776,59.7700,-1,0.0000,12.2214,0.0000,5.3985,3.6434,8.8100,-3.6434,8.8100,11.0000,13.0000,9.0000,0
airdodge_side,28,236,28.000,-176.4398,59.7700,-1,0.0000,11.4444,0.0000,5.7480,3.3538,8.5962,-3.3538,8.5962,11.0000,13.0000,9.0000,0
airdodge_side,29,236,29.000,-176.5858,59.7700,-1,0.0000,12.6490,0.0000,5.7225,3.2087,9.1857,-3.2087,9.1857,11.0000,13.0000,9.0000,0
airdodge_side,30,236,30.000,-176.7119,59.5400,-1,0.0000,13.1613,0.0000,5.9301,3.3256,9.5457,-3.3256,9.5457,11.0000,13.0000,9.0000,0
airdodge_side,31,236,31.000,-176.8179,59.0800,-1,0.0000,13.4587,0.0000,6.3536,3.5974,9.9062,-3.5974,9.9062,11.0000,13.0000,9.0000,0
airdodge_side,32,236,32.000,-176.9039,58.3900,-1,0.0000,13.0320,0.0000,6.8213,3.6465,9.9267,-3.6465,9.9267,11.0000,13.0000,9.0000,0
airdodge_side,33,236,33.000,-176.9699,57.4700,-1,0.0000,12.6820,0.0000,6.3677,3.4562,9.5249,-3.4562,9.5249,11.0000,13.0000,9.0000,0
airdodge_side,34,236,34.000,-177.0159,56.3200,-1,0.0000,12.2448,0.0000,5.6168,3.1043,8.9308,-3.1043,8.9308,11.0000,13.0000,9.0000,0
airdodge_side,35,236,35.000,-177.0419,54.9400,-1,0.0000,11.8319,0.0000,5.1855,2.8167,8.5087,-2.8167,8.5087,11.0000,13.0000,9.0000,0
airdodge_side,36,236,36.000,-177.0479,53.3300,-1,0.0000,11.4542,0.0000,5.0988,2.8588,8.2765,-2.8588,8.2765,11.0000,13.0000,9.0000,0
airdodge_side,37,236,37.000,-177.0479,51.4900,-1,0.0000,11.0558,0.0000,4.9322,3.0035,7.9940,-3.0035,7.9940,11.0000,13.0000,9.0000,0
airdodge_side,38,236,38.000,-177.0479,49.4200,-1,0.0000,10.5488,0.0000,4.3903,2.9296,7.4695,-2.9296,7.4695,11.0000,13.0000,9.0000,0
airdodge_side,39,236,39.000,-177.0479,47.1200,-1,0.0000,9.7015,0.0000,3.8296,2.7210,6.7656,-2.7210,6.7656,11.0000,13.0000,9.0000,0
airdodge_side,40,236,40.000,-177.0479,44.5900,-1,0.0000,8.7809,0.0000,3.4724,2.4006,6.1266,-2.4006,6.1266,11.0000,13.0000,9.0000,0
airdodge_side,41,236,41.000,-177.0479,41.8300,-1,0.0000,9.1428,0.0000,3.4049,2.2647,6.2739,-2.2647,6.2739,11.0000,13.0000,9.0000,0
airdodge_side,42,236,42.000,-177.0479,39.0300,-1,0.0000,9.4251,0.0000,3.2893,2.0489,6.3572,-2.0489,6.3572,11.0000,13.0000,9.0000,0
airdodge_side,43,236,43.000,-177.0479,36.2300,-1,0.0000,9.3430,0.0000,2.9963,2.0000,6.1697,-2.0000,6.1697,11.0000,13.0000,9.0000,0
airdodge_side,44,236,44.000,-177.0479,33.4300,-1,0.0000,8.7904,0.0000,2.2103,2.0000,5.5004,-2.0000,5.5004,11.0000,13.0000,9.0000,0
airdodge_side,45,236,45.000,-177.0479,30.6300,-1,0.0000,7.9025,0.0000,1.1044,2.0000,4.5035,-2.0000,4.5035,11.0000,13.0000,9.0000,0
airdodge_side,46,236,46.000,-177.0479,27.8300,-1,0.0000,7.1135,0.0000,0.4517,2.0020,3.7826,-2.0020,3.7826,11.0000,13.0000,9.0000,0
airdodge_side,47,236,47.000,-177.0479,25.0300,-1,0.0000,6.7518,0.0000,0.2474,2.2410,3.4996,-2.2410,3.4996,11.0000,13.0000,9.0000,0
airdodge_side,48,236,48.000,-177.0479,22.2300,-1,0.0000,6.6052,0.0000,0.2229,2.3561,3.4140,-2.3561,3.4140,11.0000,13.0000,9.0000,0
airdodge_side,49,236,49.000,-177.0479,19.4300,-1,0.0000,6.4616,0.0000,0.2974,2.5222,3.3795,-2.5222,3.3795,11.0000,13.0000,9.0000,0
airdodge_side,50,35,0.000,-177.0479,16.6300,-1,0.0000,6.2044,0.0000,0.6340,2.9083,3.4192,-2.9083,3.4192,11.0000,13.0000,9.0000,0
airdodge_side,51,35,1.000,-177.0479,13.8300,-1,0.0000,6.2133,0.0000,0.6445,2.8937,3.4289,-2.8937,3.4289,11.0000,13.0000,9.0000,0
airdodge_side,52,35,2.000,-177.0479,11.0300,-1,0.0000,6.2194,0.0000,0.6610,2.8671,3.4402,-2.8671,3.4402,11.0000,13.0000,9.0000,0
airdodge_side,53,35,3.000,-177.0479,8.2300,-1,0.0000,6.2234,0.0000,0.6791,2.8366,3.4512,-2.8366,3.4512,11.0000,13.0000,9.0000,0
airdodge_side,54,35,4.000,-177.0479,5.4300,-1,0.0000,6.2228,0.0000,0.6942,2.8115,3.4585,-2.8115,3.4585,11.0000,13.0000,9.0000,0
airdodge_side,55,35,5.000,-177.0479,2.6300,-1,0.0000,6.2206,0.0000,0.7018,2.8020,3.4612,-2.8020,3.4612,11.0000,13.0000,9.0000,0
airdodge_side,56,35,6.000,-177.0479,-0.1700,-1,0.0000,6.2215,0.0000,0.6973,2.8308,3.4594,-2.8308,3.4594,11.0000,13.0000,9.0000,0
airdodge_side,57,35,7.000,-177.0479,-2.9700,-1,0.0000,6.2183,0.0000,0.6762,2.8812,3.4473,-2.8812,3.4473,11.0000,13.0000,9.0000,0
airdodge_side,58,35,0.000,-177.0479,-5.7700,-1,0.0000,6.2044,0.0000,0.6340,2.9083,3.4192,-2.9083,3.4192,11.0000,13.0000,9.0000,0
airdodge_side,59,35,1.000,-177.0479,-8.5700,-1,0.0000,6.2133,0.0000,0.6445,2.8937,3.4289,-2.8937,3.4289,11.0000,13.0000,9.0000,0
airdodge_side,60,35,2.000,-177.0479,-11.3700,-1,0.0000,6.2194,0.0000,0.6610,2.8671,3.4402,-2.8671,3.4402,11.0000,13.0000,9.0000,0
airdodge_side,61,35,3.000,-177.0479,-14.1700,-1,0.0000,6.2234,0.0000,0.6791,2.8366,3.4512,-2.8366,3.4512,11.0000,13.0000,9.0000,0
airdodge_side,62,35,4.000,-177.0479,-16.9700,-1,0.0000,6.2228,0.0000,0.6942,2.8115,3.4585,-2.8115,3.4585,11.0000,13.0000,9.0000,0
airdodge_side,63,35,5.000,-177.0479,-19.7700,-1,0.0000,6.2206,0.0000,0.7018,2.8020,3.4612,-2.8020,3.4612,11.0000,13.0000,9.0000,0
airdodge_side,64,35,6.000,-177.0479,-22.5700,-1,0.0000,6.2215,0.0000,0.6973,2.8308,3.4594,-2.8308,3.4594,11.0000,13.0000,9.0000,0
airdodge_side,65,35,7.000,-177.0479,-25.3700,-1,0.0000,6.2183,0.0000,0.6762,2.8812,3.4472,-2.8812,3.4472,11.0000,13.0000,9.0000,0
airdodge_side,66,35,0.000,-177.0479,-28.1700,-1,0.0000,6.2044,0.0000,0.6340,2.9083,3.4192,-2.9083,3.4192,11.0000,13.0000,9.0000,0
airdodge_side,67,35,1.000,-177.0479,-30.9700,-1,0.0000,6.2133,0.0000,0.6445,2.8937,3.4289,-2.8937,3.4289,11.0000,13.0000,9.0000,0
airdodge_side,68,35,2.000,-177.0479,-33.7700,-1,0.0000,6.2194,0.0000,0.6610,2.8671,3.4402,-2.8671,3.4402,11.0000,13.0000,9.0000,0
airdodge_side,69,35,3.000,-177.0479,-36.5700,-1,0.0000,6.2234,0.0000,0.6791,2.8366,3.4512,-2.8366,3.4512,11.0000,13.0000,9.0000,0
airdodge_up,0,29,1.000,-150.0000,39.7700,-1,0.0000,11.1478,0.0000,0.0000,2.0251,7.5048,-2.0251,7.5048,11.0000,13.0000,9.0000,0
airdodge_up,1,236,1.000,-150.0000,42.5600,-1,0.0000,11.0977,0.0000,0.0000,2.1646,7.5111,-2.1646,7.5111,11.0000,13.0000,9.0000,0
airdodge_up,2,236,2.000,-150.0000,45.0710,-1,0.0000,11.0093,0.0000,0.0000,2.1140,7.6697,-2.1140,7.6697,11.0000,13.0000,9.0000,0
airdodge_up,3,236,3.000,-150.0000,47.3309,-1,0.0000,10.8692,0.0000,0.0000,2.4170,7.8207,-2.4170,7.8207,11.0000,13.0000,9.0000,0
airdodge_up,4,236,4.000,-150.0000,49.3648,-1,0.0000,11.2420,0.0000,0.0000,3.1353,8.2152,-3.1353,8.2152,11.0000,13.0000,9.0000,0
airdodge_up,5,236,5.000,-150.0000,51.1953,-1,0.0000,11.2856,0.0000,0.0000,2.6521,8.3389,-2.6521,8.3389,11.0000,13.0000,9.0000,0
airdodge_up,6,236,6.000,-150.0000,52.8428,-1,0.0000,11.2796,0.0000,0.0000,2.6982,8.3751,-2.6982,8.3751,11.0000,13.0000,9.0000,0
airdodge_up,7,236,7.000,-150.0000,54.3255,-1,0.0000,11.2875,0.0000,0.0000,2.7693,8.4245,-2.7693,8.4245,11.0000,13.0000,9.0000,0
airdodge_up,8,236,8.000,-150.0000,55.6600,-1,0.0000,11.2981,0.0000,0.0000,2.8455,8.4830,-2.8455,8.4830,11.0000,13.0000,9.0000,0
airdodge_up,9,236,9.000,-150.0000,56.8610,-1,0.0000,11.3077,0.0000,5.7924,2.9234,8.5501,-2.9234,8.5501,11.0000,13.0000,9.0000,0
airdodge_up,10,236,10.000,-150.0000,57.9419,-1,0.0000,11.3136,0.0000,5.9367,3.0001,8.6252,-3.0001,8.6252,11.0000,13.0000,9.0000,0
airdodge_up,11,236,11.000,-150.0000,58.9147,-1,0.0000,11.3160,0.0000,6.1012,3.0728,8.7086,-3.0728,8.7086,11.0000,13.0000,9.0000,0
airdodge_up,12,236,12.000,-150.0000,59.7902,-1,0.0000,11.3157,0.0000,6.2849,3.1383,8.8003,-3.1383,8.8003,11.0000,13.0000,9.0000,0
airdodge_up,13,236,13.000,-150.0000,60.5782,-1,0.0000,11.3123,0.0000,6.4856,3.1940,8.8989,-3.1940,8.8989,11.0000,13.0000,9.0000,0
airdodge_up,14,236,14.000,-150.0000,61.2874,-1,0.0000,11.3055,0.0000,6.6995,3.2378,9.0025,-3.2378,9.0025,11.0000,13.0000,9.0000,0
airdodge_up,15,236,15.000,-150.0000,61.9256,-1,0.0000,11.2948,0.0000,6.8998,3.2686,9.0973,-3.2686,9.0973,11.0000,13.0000,9.0000,0
airdodge_up,16,236,16.000,-150.0000,62.5001,-1,0.0000,11.2800,0.0000,6.8096,3.2856,9.0448,-3.2856,9.0448,11.0000,13.0000,9.0000,0
airdodge_up,17,236,17.000,-150.0000,63.0171,-1,0.0000,11.2609,0.0000,6.7188,3.2892,8.9898,-3.2892,8.9898,11.0000,13.0000,9.0000,0
airdodge_up,18,236,18.000,-150.0000,63.4823,-1,0.0000,11.2372,0.0000,6.6286,3.2804,8.9329,-3.2804,8.9329,11.0000,13.0000,9.0000,0
airdodge_up,19,236,19.000,-150.0000,63.9011,-1,0.0000,11.2089,0.0000,6.5400,3.2607,8.8745,-3.2607,8.8745,11.0000,13.0000,9.0000,0
airdodge_up,20,236,20.000,-150.0000,64.2780,-1,0.0000,11.1761,0.0000,6.4539,3.2634,8.8150,-3.2634,8.8150,11.0000,13.0000,9.0000,0
airdodge_up,21,236,21.000,-150.0000,64.6172,-1,0.0000,11.1390,0.0000,6.3714,3.2919,8.7552,-3.2919,8.7552,11.0000,13.0000,9.0000,0
airdodge_up,22,236,22.000,-150.0000,64.9225,-1,0.0000,11.0977,0.0000,6.2932,3.3195,8.6955,-3.3195,8.6955,11.0000,13.0000,9.0000,0
airdodge_up,23,236,23.000,-150.0000,65.1972,-1,0.0000,11.0527,0.0000,6.2203,3.3446,8.6365,-3.3446,8.6365,11.0000,13.0000,9.0000,0
airdodge_up,24,236,24.000,-150.0000,65.4445,-1,0.0000,11.0045,0.0000,6.1535,3.3673,8.5790,-3.3673,8.5790,11.0000,13.0000,9.0000,0
airdodge_up,25,236,25.000,-150.0000,65.6670,-1,0.0000,10.9535,0.0000,6.0935,3.3762,8.5235,-3.3762,8.5235,11.0000,13.0000,9.0000,0
airdodge_up,26,236,26.000,-150.0000,65.8673,-1,0.0000,11.3426,0.0000,5.5647,3.3627,8.4537,-3.3627,8.4537,11.0000,13.0000,9.0000,0
airdodge_up,27,236,27.000,-150.0000,66.0476,-1,0.0000,12.2214,0.0000,5.3985,3.6434,8.8100,-3.6434,8.8100,11.0000,13.0000,9.0000,0
airdodge_up,28,236,28.000,-150.0000,66.2098,-1,0.0000,11.4444,0.0000,5.7480,3.3538,8.5962,-3.3538,8.5962,11.0000,13.0000,9.0000,0
airdodge_up,29,236,29.000,-150.0000,66.3559,-1,0.0000,12.6490,0.0000,5.7225,3.2087,9.1857,-3.2087,9.1857,11.0000,13.0000,9.0000,0
airdodge_up,30,236,30.000,-150.0000,66.2719,-1,0.0000,13.1613,0.0000,5.9301,3.3256,9.5457,-3.3256,9.5457,11.0000,13.0000,9.0000,0
airdodge_up,31,236,31.000,-150.0000,65.9579,-1,0.0000,13.4587,0.0000,6.3536,3.5974,9.9062,-3.5974,9.9062,11.0000,13.0000,9.0000,0
airdodge_up,32,236,32.000,-150.0000,65.4139,-1,0.0000,13.0320,0.0000,6.8213,3.6465,9.9267,-3.6465,9.9267,11.0000,13.0000,9.0000,0
airdodge_up,33,236,33.000,-150.0000,64.6399,-1,0.0000,12.6820,0.0000,6.3677,3.4562,9.5249,-3.4562,9.5249,11.0000,13.0000,9.0000,0
airdodge_up,34,236,34.000,-150.0000,63.6359,-1,0.0000,12.2448,0.0000,5.6168,3.1043,8.9308,-3.1043,8.9308,11.0000,13.0000,9.0000,0
airdodge_up,35,236,35.000,-150.0000,62.4019,-1,0.0000,11.8319,0.0000,5.1855,2.8167,8.5087,-2.8167,8.5087,11.0000,13.0000,9.0000,0
airdodge_up,36,236,36.000,-150.0000,60.9380,-1,0.0000,11.4542,0.0000,5.0988,2.8588,8.2765,-2.8588,8.2765,11.0000,13.0000,9.0000,0
airdodge_up,37,236,37.000,-150.0000,59.2440,-1,0.0000,11.0558,0.0000,4.9322,3.0035,7.9940,-3.0035,7.9940,11.0000,13.0000,9.0000,0
airdodge_up,38,236,38.000,-150.0000,57.3200,-1,0.0000,10.5488,0.0000,4.3903,2.9296,7.4695,-2.9296,7.4695,11.0000,13.0000,9.0000,0
airdodge_up,39,236,39.000,-150.0000,55.1660,-1,0.0000,9.7015,0.0000,3.8296,2.7210,6.7656,-2.7210,6.7656,11.0000,13.0000,9.0000,0
airdodge_up,40,236,40.000,-150.0000,52.7820,-1,0.0000,8.7809,0.0000,3.4724,2.4006,6.1266,-2.4006,6.1266,11.0000,13.0000,9.0000,0
airdodge_up,41,236,41.000,-150.0000,50.1680,-1,0.0000,9.1428,0.0000,3.4049,2.2647,6.2739,-2.2647,6.2739,11.0000,13.0000,9.0000,0
airdodge_up,42,236,42.000,-150.0000,47.3680,-1,0.0000,9.4251,0.0000,3.2893,2.0489,6.3572,-2.0489,6.3572,11.0000,13.0000,9.0000,0
airdodge_up,43,236,43.000,-150.0000,44.5680,-1,0.0000,9.3430,0.0000,2.9963,2.0000,6.1697,-2.0000,6.1697,11.0000,13.0000,9.0000,0
airdodge_up,44,236,44.000,-150.0000,41.7680,-1,0.0000,8.7904,0.0000,2.2103,2.0000,5.5004,-2.0000,5.5004,11.0000,13.0000,9.0000,0
airdodge_up,45,236,45.000,-150.0000,38.9680,-1,0.0000,7.9025,0.0000,1.1044,2.0000,4.5035,-2.0000,4.5035,11.0000,13.0000,9.0000,0
airdodge_up,46,236,46.000,-150.0000,36.1680,-1,0.0000,7.1135,0.0000,0.4517,2.0020,3.7826,-2.0020,3.7826,11.0000,13.0000,9.0000,0
airdodge_up,47,236,47.000,-150.0000,33.3680,-1,0.0000,6.7518,0.0000,0.2474,2.2410,3.4996,-2.2410,3.4996,11.0000,13.0000,9.0000,0
airdodge_up,48,236,48.000,-150.0000,30.5680,-1,0.0000,6.6052,0.0000,0.2229,2.3561,3.4140,-2.3561,3.4140,11.0000,13.0000,9.0000,0
airdodge_up,49,236,49.000,-150.0000,27.7680,-1,0.0000,6.4616,0.0000,0.2974,2.5222,3.3795,-2.5222,3.3795,11.0000,13.0000,9.0000,0
airdodge_up,50,35,0.000,-150.0000,24.9680,-1,0.0000,6.2044,0.0000,0.6340,2.9083,3.4192,-2.9083,3.4192,11.0000,13.0000,9.0000,0
airdodge_up,51,35,1.000,-150.0000,22.1680,-1,0.0000,6.2133,0.0000,0.6445,2.8937,3.4289,-2.8937,3.4289,11.0000,13.0000,9.0000,0
airdodge_up,52,35,2.000,-150.0000,19.3680,-1,0.0000,6.2194,0.0000,0.6610,2.8671,3.4402,-2.8671,3.4402,11.0000,13.0000,9.0000,0
airdodge_up,53,35,3.000,-150.0000,16.5680,-1,0.0000,6.2234,0.0000,0.6791,2.8366,3.4512,-2.8366,3.4512,11.0000,13.0000,9.0000,0
airdodge_up,54,35,4.000,-150.0000,13.7680,-1,0.0000,6.2228,0.0000,0.6942,2.8115,3.4585,-2.8115,3.4585,11.0000,13.0000,9.0000,0
airdodge_up,55,35,5.000,-150.0000,10.9680,-1,0.0000,6.2206,0.0000,0.7018,2.8020,3.4612,-2.8020,3.4612,11.0000,13.0000,9.0000,0
airdodge_up,56,35,6.000,-150.0000,8.1680,-1,0.0000,6.2215,0.0000,0.6973,2.8308,3.4594,-2.8308,3.4594,11.0000,13.0000,9.0000,0
airdodge_up,57,35,7.000,-150.0000,5.3680,-1,0.0000,6.2183,0.0000,0.6762,2.8812,3.4473,-2.8812,3.4473,11.0000,13.0000,9.0000,0
airdodge_up,58,35,0.000,-150.0000,2.5680,-1,0.0000,6.2044,0.0000,0.6340,2.9083,3.4192,-2.9083,3.4192,11.0000,13.0000,9.0000,0
airdodge_up,59,35,1.000,-150.0000,-0.2320,-1,0.0000,6.2133,0.0000,0.6445,2.8937,3.4289,-2.8937,3.4289,11.0000,13.0000,9.0000,0
airdodge_up,60,35,2.000,-150.0000,-3.0320,-1,0.0000,6.2194,0.0000,0.6610,2.8671,3.4402,-2.8671,3.4402,11.0000,13.0000,9.0000,0
airdodge_up,61,35,3.000,-150.0000,-5.8320,-1,0.0000,6.2234,0.0000,0.6791,2.8366,3.4512,-2.8366,3.4512,11.0000,13.0000,9.0000,0
airdodge_up,62,35,4.000,-150.0000,-8.6320,-1,0.0000,6.2228,0.0000,0.6942,2.8115,3.4585,-2.8115,3.4585,11.0000,13.0000,9.0000,0
airdodge_up,63,35,5.000,-150.0000,-11.4320,-1,0.0000,6.2206,0.0000,0.7018,2.8020,3.4612,-2.8020,3.4612,11.0000,13.0000,9.0000,0
airdodge_up,64,35,6.000,-150.0000,-14.2320,-1,0.0000,6.2215,0.0000,0.6973,2.8308,3.4594,-2.8308,3.4594,11.0000,13.0000,9.0000,0
airdodge_up,65,35,7.000,-150.0000,-17.0320,-1,0.0000,6.2183,0.0000,0.6762,2.8812,3.4473,-2.8812,3.4473,11.0000,13.0000,9.0000,0
airdodge_up,66,35,0.000,-150.0000,-19.8320,-1,0.0000,6.2044,0.0000,0.6340,2.9083,3.4192,-2.9083,3.4192,11.0000,13.0000,9.0000,0
airdodge_up,67,35,1.000,-150.0000,-22.6320,-1,0.0000,6.2133,0.0000,0.6445,2.8937,3.4289,-2.8937,3.4289,11.0000,13.0000,9.0000,0
airdodge_up,68,35,2.000,-150.0000,-25.4320,-1,0.0000,6.2194,0.0000,0.6610,2.8671,3.4402,-2.8671,3.4402,11.0000,13.0000,9.0000,0
airdodge_up,69,35,3.000,-150.0000,-28.2320,-1,0.0000,6.2234,0.0000,0.6791,2.8366,3.4512,-2.8366,3.4512,11.0000,13.0000,9.0000,0
